,model_number,sample_type,metric_type,score
0,baseline,train,accuracy,0.7343154686309372
1,baseline,train,precision,0.0
2,baseline,train,recall,0.0
3,baseline,train,f1_score,0.0
4,baseline,validate,f1_score,0.0
5,baseline,validate,accuracy,0.7341862117981521
6,baseline,validate,precision,0.0
7,baseline,validate,recall,0.0
8,1,train,accuracy,0.7599695199390398
9,1,train,precision,0.7512437810945274
10,1,train,recall,0.14435946462715105
11,1,train,f1_score,0.2421812349639134
12,1,validate,f1_score,0.3211991434689508
13,1,validate,accuracy,0.7746979388770433
14,1,validate,precision,0.8064516129032258
15,1,validate,recall,0.20053475935828877
16,2,train,accuracy,0.7599695199390398
17,2,train,precision,0.7512437810945274
18,2,train,recall,0.14435946462715105
19,2,train,f1_score,0.2421812349639134
20,2,validate,f1_score,0.3211991434689508
21,2,validate,accuracy,0.7746979388770433
22,2,validate,precision,0.8064516129032258
23,2,validate,recall,0.20053475935828877
24,3,train,accuracy,0.7599695199390398
25,3,train,precision,0.7512437810945274
26,3,train,recall,0.14435946462715105
27,3,train,f1_score,0.2421812349639134
28,3,validate,f1_score,0.3211991434689508
29,3,validate,accuracy,0.7746979388770433
30,3,validate,precision,0.8064516129032258
31,3,validate,recall,0.20053475935828877
32,4,train,accuracy,0.7599695199390398
33,4,train,precision,0.7512437810945274
34,4,train,recall,0.14435946462715105
35,4,train,f1_score,0.2421812349639134
36,4,validate,f1_score,0.3211991434689508
37,4,validate,accuracy,0.7746979388770433
38,4,validate,precision,0.8064516129032258
39,4,validate,recall,0.20053475935828877
40,5,train,accuracy,0.7599695199390398
41,5,train,precision,0.7512437810945274
42,5,train,recall,0.14435946462715105
43,5,train,f1_score,0.2421812349639134
44,5,validate,f1_score,0.3211991434689508
45,5,validate,accuracy,0.7746979388770433
46,5,validate,precision,0.8064516129032258
47,5,validate,recall,0.20053475935828877
48,6,train,accuracy,0.7599695199390398
49,6,train,precision,0.7512437810945274
50,6,train,recall,0.14435946462715105
51,6,train,f1_score,0.2421812349639134
52,6,validate,f1_score,0.3211991434689508
53,6,validate,accuracy,0.7746979388770433
54,6,validate,precision,0.8064516129032258
55,6,validate,recall,0.20053475935828877
56,7,train,accuracy,0.7599695199390398
57,7,train,precision,0.7512437810945274
58,7,train,recall,0.14435946462715105
59,7,train,f1_score,0.2421812349639134
60,7,validate,f1_score,0.3211991434689508
61,7,validate,accuracy,0.7746979388770433
62,7,validate,precision,0.8064516129032258
63,7,validate,recall,0.20053475935828877
64,8,train,accuracy,0.7599695199390398
65,8,train,precision,0.7512437810945274
66,8,train,recall,0.14435946462715105
67,8,train,f1_score,0.2421812349639134
68,8,validate,f1_score,0.3211991434689508
69,8,validate,accuracy,0.7746979388770433
70,8,validate,precision,0.8064516129032258
71,8,validate,recall,0.20053475935828877
72,9,train,accuracy,0.7670815341630683
73,9,train,precision,0.6329896907216495
74,9,train,recall,0.29349904397705545
75,9,train,f1_score,0.40104506858262573
76,9,validate,f1_score,0.45094664371772814
77,9,validate,accuracy,0.7732764747690121
78,9,validate,precision,0.6328502415458938
79,9,validate,recall,0.3502673796791444
80,10,train,accuracy,0.7670815341630683
81,10,train,precision,0.6329896907216495
82,10,train,recall,0.29349904397705545
83,10,train,f1_score,0.40104506858262573
84,10,validate,f1_score,0.45094664371772814
85,10,validate,accuracy,0.7732764747690121
86,10,validate,precision,0.6328502415458938
87,10,validate,recall,0.3502673796791444
88,11,train,accuracy,0.7670815341630683
89,11,train,precision,0.6329896907216495
90,11,train,recall,0.29349904397705545
91,11,train,f1_score,0.40104506858262573
92,11,validate,f1_score,0.45094664371772814
93,11,validate,accuracy,0.7732764747690121
94,11,validate,precision,0.6328502415458938
95,11,validate,recall,0.3502673796791444
96,12,train,accuracy,0.7670815341630683
97,12,train,precision,0.6329896907216495
98,12,train,recall,0.29349904397705545
99,12,train,f1_score,0.40104506858262573
100,12,validate,f1_score,0.45094664371772814
101,12,validate,accuracy,0.7732764747690121
102,12,validate,precision,0.6328502415458938
103,12,validate,recall,0.3502673796791444
104,13,train,accuracy,0.7670815341630683
105,13,train,precision,0.6329896907216495
106,13,train,recall,0.29349904397705545
107,13,train,f1_score,0.40104506858262573
108,13,validate,f1_score,0.45094664371772814
109,13,validate,accuracy,0.7732764747690121
110,13,validate,precision,0.6328502415458938
111,13,validate,recall,0.3502673796791444
112,14,train,accuracy,0.7670815341630683
113,14,train,precision,0.6329896907216495
114,14,train,recall,0.29349904397705545
115,14,train,f1_score,0.40104506858262573
116,14,validate,f1_score,0.45094664371772814
117,14,validate,accuracy,0.7732764747690121
118,14,validate,precision,0.6328502415458938
119,14,validate,recall,0.3502673796791444
120,15,train,accuracy,0.7670815341630683
121,15,train,precision,0.6329896907216495
122,15,train,recall,0.29349904397705545
123,15,train,f1_score,0.40104506858262573
124,15,validate,f1_score,0.45094664371772814
125,15,validate,accuracy,0.7732764747690121
126,15,validate,precision,0.6328502415458938
127,15,validate,recall,0.3502673796791444
128,16,train,accuracy,0.7670815341630683
129,16,train,precision,0.6329896907216495
130,16,train,recall,0.29349904397705545
131,16,train,f1_score,0.40104506858262573
132,16,validate,f1_score,0.45094664371772814
133,16,validate,accuracy,0.7732764747690121
134,16,validate,precision,0.6328502415458938
135,16,validate,recall,0.3502673796791444
136,17,train,accuracy,0.7698755397510795
137,17,train,precision,0.6411290322580645
138,17,train,recall,0.30401529636711283
139,17,train,f1_score,0.4124513618677043
140,17,validate,f1_score,0.4633730834752981
141,17,validate,accuracy,0.7761194029850746
142,17,validate,precision,0.6384976525821596
143,17,validate,recall,0.36363636363636365
144,18,train,accuracy,0.7708915417830836
145,18,train,precision,0.6363636363636364
146,18,train,recall,0.32122370936902483
147,18,train,f1_score,0.4269377382465057
148,18,validate,f1_score,0.4755480607082631
149,18,validate,accuracy,0.7789623312011372
150,18,validate,precision,0.6438356164383562
151,18,validate,recall,0.3770053475935829
152,19,train,accuracy,0.7708915417830836
153,19,train,precision,0.6363636363636364
154,19,train,recall,0.32122370936902483
155,19,train,f1_score,0.4269377382465057
156,19,validate,f1_score,0.4755480607082631
157,19,validate,accuracy,0.7789623312011372
158,19,validate,precision,0.6438356164383562
159,19,validate,recall,0.3770053475935829
160,20,train,accuracy,0.7708915417830836
161,20,train,precision,0.6363636363636364
162,20,train,recall,0.32122370936902483
163,20,train,f1_score,0.4269377382465057
164,20,validate,f1_score,0.4755480607082631
165,20,validate,accuracy,0.7789623312011372
166,20,validate,precision,0.6438356164383562
167,20,validate,recall,0.3770053475935829
168,21,train,accuracy,0.7708915417830836
169,21,train,precision,0.6363636363636364
170,21,train,recall,0.32122370936902483
171,21,train,f1_score,0.4269377382465057
172,21,validate,f1_score,0.4755480607082631
173,21,validate,accuracy,0.7789623312011372
174,21,validate,precision,0.6438356164383562
175,21,validate,recall,0.3770053475935829
176,22,train,accuracy,0.7708915417830836
177,22,train,precision,0.6363636363636364
178,22,train,recall,0.32122370936902483
179,22,train,f1_score,0.4269377382465057
180,22,validate,f1_score,0.4755480607082631
181,22,validate,accuracy,0.7789623312011372
182,22,validate,precision,0.6438356164383562
183,22,validate,recall,0.3770053475935829
184,23,train,accuracy,0.7708915417830836
185,23,train,precision,0.6363636363636364
186,23,train,recall,0.32122370936902483
187,23,train,f1_score,0.4269377382465057
188,23,validate,f1_score,0.4755480607082631
189,23,validate,accuracy,0.7789623312011372
190,23,validate,precision,0.6438356164383562
191,23,validate,recall,0.3770053475935829
192,24,train,accuracy,0.7708915417830836
193,24,train,precision,0.6363636363636364
194,24,train,recall,0.32122370936902483
195,24,train,f1_score,0.4269377382465057
196,24,validate,f1_score,0.4755480607082631
197,24,validate,accuracy,0.7789623312011372
198,24,validate,precision,0.6438356164383562
199,24,validate,recall,0.3770053475935829
200,25,train,accuracy,0.7805435610871222
201,25,train,precision,0.6267409470752089
202,25,train,recall,0.43021032504780116
203,25,train,f1_score,0.5102040816326531
204,25,validate,f1_score,0.529500756429652
205,25,validate,accuracy,0.7789623312011372
206,25,validate,precision,0.6097560975609756
207,25,validate,recall,0.4679144385026738
208,26,train,accuracy,0.7843535687071375
209,26,train,precision,0.6294349540078844
210,26,train,recall,0.45793499043977054
211,26,train,f1_score,0.5301604869950194
212,26,validate,f1_score,0.5497771173848439
213,26,validate,accuracy,0.7846481876332623
214,26,validate,precision,0.6187290969899666
215,26,validate,recall,0.4946524064171123
216,27,train,accuracy,0.7708915417830836
217,27,train,precision,0.6363636363636364
218,27,train,recall,0.32122370936902483
219,27,train,f1_score,0.4269377382465057
220,27,validate,f1_score,0.4755480607082631
221,27,validate,accuracy,0.7789623312011372
222,27,validate,precision,0.6438356164383562
223,27,validate,recall,0.3770053475935829
224,28,train,accuracy,0.7708915417830836
225,28,train,precision,0.6363636363636364
226,28,train,recall,0.32122370936902483
227,28,train,f1_score,0.4269377382465057
228,28,validate,f1_score,0.4755480607082631
229,28,validate,accuracy,0.7789623312011372
230,28,validate,precision,0.6438356164383562
231,28,validate,recall,0.3770053475935829
232,29,train,accuracy,0.7708915417830836
233,29,train,precision,0.6363636363636364
234,29,train,recall,0.32122370936902483
235,29,train,f1_score,0.4269377382465057
236,29,validate,f1_score,0.4755480607082631
237,29,validate,accuracy,0.7789623312011372
238,29,validate,precision,0.6438356164383562
239,29,validate,recall,0.3770053475935829
240,30,train,accuracy,0.7708915417830836
241,30,train,precision,0.6363636363636364
242,30,train,recall,0.32122370936902483
243,30,train,f1_score,0.4269377382465057
244,30,validate,f1_score,0.4755480607082631
245,30,validate,accuracy,0.7789623312011372
246,30,validate,precision,0.6438356164383562
247,30,validate,recall,0.3770053475935829
248,31,train,accuracy,0.7708915417830836
249,31,train,precision,0.6363636363636364
250,31,train,recall,0.32122370936902483
251,31,train,f1_score,0.4269377382465057
252,31,validate,f1_score,0.4755480607082631
253,31,validate,accuracy,0.7789623312011372
254,31,validate,precision,0.6438356164383562
255,31,validate,recall,0.3770053475935829
256,32,train,accuracy,0.7708915417830836
257,32,train,precision,0.6363636363636364
258,32,train,recall,0.32122370936902483
259,32,train,f1_score,0.4269377382465057
260,32,validate,f1_score,0.4755480607082631
261,32,validate,accuracy,0.7789623312011372
262,32,validate,precision,0.6438356164383562
263,32,validate,recall,0.3770053475935829
264,33,train,accuracy,0.7805435610871222
265,33,train,precision,0.6267409470752089
266,33,train,recall,0.43021032504780116
267,33,train,f1_score,0.5102040816326531
268,33,validate,f1_score,0.529500756429652
269,33,validate,accuracy,0.7789623312011372
270,33,validate,precision,0.6097560975609756
271,33,validate,recall,0.4679144385026738
272,34,train,accuracy,0.7843535687071375
273,34,train,precision,0.6294349540078844
274,34,train,recall,0.45793499043977054
275,34,train,f1_score,0.5301604869950194
276,34,validate,f1_score,0.5497771173848439
277,34,validate,accuracy,0.7846481876332623
278,34,validate,precision,0.6187290969899666
279,34,validate,recall,0.4946524064171123
280,35,train,accuracy,0.7843535687071375
281,35,train,precision,0.6294349540078844
282,35,train,recall,0.45793499043977054
283,35,train,f1_score,0.5301604869950194
284,35,validate,f1_score,0.5497771173848439
285,35,validate,accuracy,0.7846481876332623
286,35,validate,precision,0.6187290969899666
287,35,validate,recall,0.4946524064171123
288,36,train,accuracy,0.7843535687071375
289,36,train,precision,0.6294349540078844
290,36,train,recall,0.45793499043977054
291,36,train,f1_score,0.5301604869950194
292,36,validate,f1_score,0.5497771173848439
293,36,validate,accuracy,0.7846481876332623
294,36,validate,precision,0.6187290969899666
295,36,validate,recall,0.4946524064171123
296,37,train,accuracy,0.7843535687071375
297,37,train,precision,0.6294349540078844
298,37,train,recall,0.45793499043977054
299,37,train,f1_score,0.5301604869950194
300,37,validate,f1_score,0.5497771173848439
301,37,validate,accuracy,0.7846481876332623
302,37,validate,precision,0.6187290969899666
303,37,validate,recall,0.4946524064171123
304,38,train,accuracy,0.7843535687071375
305,38,train,precision,0.6294349540078844
306,38,train,recall,0.45793499043977054
307,38,train,f1_score,0.5301604869950194
308,38,validate,f1_score,0.5497771173848439
309,38,validate,accuracy,0.7846481876332623
310,38,validate,precision,0.6187290969899666
311,38,validate,recall,0.4946524064171123
312,39,train,accuracy,0.7843535687071375
313,39,train,precision,0.6294349540078844
314,39,train,recall,0.45793499043977054
315,39,train,f1_score,0.5301604869950194
316,39,validate,f1_score,0.5497771173848439
317,39,validate,accuracy,0.7846481876332623
318,39,validate,precision,0.6187290969899666
319,39,validate,recall,0.4946524064171123
320,40,train,accuracy,0.7843535687071375
321,40,train,precision,0.6294349540078844
322,40,train,recall,0.45793499043977054
323,40,train,f1_score,0.5301604869950194
324,40,validate,f1_score,0.5497771173848439
325,40,validate,accuracy,0.7846481876332623
326,40,validate,precision,0.6187290969899666
327,40,validate,recall,0.4946524064171123
328,41,train,accuracy,0.7805435610871222
329,41,train,precision,0.6267409470752089
330,41,train,recall,0.43021032504780116
331,41,train,f1_score,0.5102040816326531
332,41,validate,f1_score,0.529500756429652
333,41,validate,accuracy,0.7789623312011372
334,41,validate,precision,0.6097560975609756
335,41,validate,recall,0.4679144385026738
336,42,train,accuracy,0.7833375666751333
337,42,train,precision,0.6323731138545954
338,42,train,recall,0.44072657743785854
339,42,train,f1_score,0.5194366197183099
340,42,validate,f1_score,0.5397301349325337
341,42,validate,accuracy,0.7818052594171997
342,42,validate,precision,0.6143344709897611
343,42,validate,recall,0.48128342245989303
344,43,train,accuracy,0.7843535687071375
345,43,train,precision,0.6294349540078844
346,43,train,recall,0.45793499043977054
347,43,train,f1_score,0.5301604869950194
348,43,validate,f1_score,0.5497771173848439
349,43,validate,accuracy,0.7846481876332623
350,43,validate,precision,0.6187290969899666
351,43,validate,recall,0.4946524064171123
352,44,train,accuracy,0.7843535687071375
353,44,train,precision,0.6294349540078844
354,44,train,recall,0.45793499043977054
355,44,train,f1_score,0.5301604869950194
356,44,validate,f1_score,0.5497771173848439
357,44,validate,accuracy,0.7846481876332623
358,44,validate,precision,0.6187290969899666
359,44,validate,recall,0.4946524064171123
360,45,train,accuracy,0.7843535687071375
361,45,train,precision,0.6294349540078844
362,45,train,recall,0.45793499043977054
363,45,train,f1_score,0.5301604869950194
364,45,validate,f1_score,0.5497771173848439
365,45,validate,accuracy,0.7846481876332623
366,45,validate,precision,0.6187290969899666
367,45,validate,recall,0.4946524064171123
368,46,train,accuracy,0.7843535687071375
369,46,train,precision,0.6294349540078844
370,46,train,recall,0.45793499043977054
371,46,train,f1_score,0.5301604869950194
372,46,validate,f1_score,0.5497771173848439
373,46,validate,accuracy,0.7846481876332623
374,46,validate,precision,0.6187290969899666
375,46,validate,recall,0.4946524064171123
376,47,train,accuracy,0.7843535687071375
377,47,train,precision,0.6294349540078844
378,47,train,recall,0.45793499043977054
379,47,train,f1_score,0.5301604869950194
380,47,validate,f1_score,0.5497771173848439
381,47,validate,accuracy,0.7846481876332623
382,47,validate,precision,0.6187290969899666
383,47,validate,recall,0.4946524064171123
384,48,train,accuracy,0.7843535687071375
385,48,train,precision,0.6294349540078844
386,48,train,recall,0.45793499043977054
387,48,train,f1_score,0.5301604869950194
388,48,validate,f1_score,0.5497771173848439
389,48,validate,accuracy,0.7846481876332623
390,48,validate,precision,0.6187290969899666
391,48,validate,recall,0.4946524064171123
392,49,train,accuracy,0.7805435610871222
393,49,train,precision,0.6267409470752089
394,49,train,recall,0.43021032504780116
395,49,train,f1_score,0.5102040816326531
396,49,validate,f1_score,0.529500756429652
397,49,validate,accuracy,0.7789623312011372
398,49,validate,precision,0.6097560975609756
399,49,validate,recall,0.4679144385026738
400,50,train,accuracy,0.7833375666751333
401,50,train,precision,0.6690017513134852
402,50,train,recall,0.3652007648183556
403,50,train,f1_score,0.47247990105132953
404,50,validate,f1_score,0.49915682967959524
405,50,validate,accuracy,0.7889125799573561
406,50,validate,precision,0.6757990867579908
407,50,validate,recall,0.39572192513368987
408,51,train,accuracy,0.7843535687071375
409,51,train,precision,0.6294349540078844
410,51,train,recall,0.45793499043977054
411,51,train,f1_score,0.5301604869950194
412,51,validate,f1_score,0.5497771173848439
413,51,validate,accuracy,0.7846481876332623
414,51,validate,precision,0.6187290969899666
415,51,validate,recall,0.4946524064171123
416,52,train,accuracy,0.7843535687071375
417,52,train,precision,0.6294349540078844
418,52,train,recall,0.45793499043977054
419,52,train,f1_score,0.5301604869950194
420,52,validate,f1_score,0.5497771173848439
421,52,validate,accuracy,0.7846481876332623
422,52,validate,precision,0.6187290969899666
423,52,validate,recall,0.4946524064171123
424,53,train,accuracy,0.7843535687071375
425,53,train,precision,0.6294349540078844
426,53,train,recall,0.45793499043977054
427,53,train,f1_score,0.5301604869950194
428,53,validate,f1_score,0.5497771173848439
429,53,validate,accuracy,0.7846481876332623
430,53,validate,precision,0.6187290969899666
431,53,validate,recall,0.4946524064171123
432,54,train,accuracy,0.7843535687071375
433,54,train,precision,0.6294349540078844
434,54,train,recall,0.45793499043977054
435,54,train,f1_score,0.5301604869950194
436,54,validate,f1_score,0.5497771173848439
437,54,validate,accuracy,0.7846481876332623
438,54,validate,precision,0.6187290969899666
439,54,validate,recall,0.4946524064171123
440,55,train,accuracy,0.7843535687071375
441,55,train,precision,0.6294349540078844
442,55,train,recall,0.45793499043977054
443,55,train,f1_score,0.5301604869950194
444,55,validate,f1_score,0.5497771173848439
445,55,validate,accuracy,0.7846481876332623
446,55,validate,precision,0.6187290969899666
447,55,validate,recall,0.4946524064171123
448,56,train,accuracy,0.7843535687071375
449,56,train,precision,0.6294349540078844
450,56,train,recall,0.45793499043977054
451,56,train,f1_score,0.5301604869950194
452,56,validate,f1_score,0.5497771173848439
453,56,validate,accuracy,0.7846481876332623
454,56,validate,precision,0.6187290969899666
455,56,validate,recall,0.4946524064171123
456,57,train,accuracy,0.7805435610871222
457,57,train,precision,0.6267409470752089
458,57,train,recall,0.43021032504780116
459,57,train,f1_score,0.5102040816326531
460,57,validate,f1_score,0.529500756429652
461,57,validate,accuracy,0.7789623312011372
462,57,validate,precision,0.6097560975609756
463,57,validate,recall,0.4679144385026738
464,58,train,accuracy,0.7833375666751333
465,58,train,precision,0.6690017513134852
466,58,train,recall,0.3652007648183556
467,58,train,f1_score,0.47247990105132953
468,58,validate,f1_score,0.49915682967959524
469,58,validate,accuracy,0.7889125799573561
470,58,validate,precision,0.6757990867579908
471,58,validate,recall,0.39572192513368987
472,59,train,accuracy,0.7843535687071375
473,59,train,precision,0.6294349540078844
474,59,train,recall,0.45793499043977054
475,59,train,f1_score,0.5301604869950194
476,59,validate,f1_score,0.5497771173848439
477,59,validate,accuracy,0.7846481876332623
478,59,validate,precision,0.6187290969899666
479,59,validate,recall,0.4946524064171123
480,60,train,accuracy,0.7851155702311404
481,60,train,precision,0.6706484641638225
482,60,train,recall,0.375717017208413
483,60,train,f1_score,0.48161764705882354
484,60,validate,f1_score,0.5058626465661642
485,60,validate,accuracy,0.7903340440653873
486,60,validate,precision,0.6771300448430493
487,60,validate,recall,0.4037433155080214
488,61,train,accuracy,0.7851155702311404
489,61,train,precision,0.6706484641638225
490,61,train,recall,0.375717017208413
491,61,train,f1_score,0.48161764705882354
492,61,validate,f1_score,0.5058626465661642
493,61,validate,accuracy,0.7903340440653873
494,61,validate,precision,0.6771300448430493
495,61,validate,recall,0.4037433155080214
496,62,train,accuracy,0.7851155702311404
497,62,train,precision,0.6706484641638225
498,62,train,recall,0.375717017208413
499,62,train,f1_score,0.48161764705882354
500,62,validate,f1_score,0.5058626465661642
501,62,validate,accuracy,0.7903340440653873
502,62,validate,precision,0.6771300448430493
503,62,validate,recall,0.4037433155080214
504,63,train,accuracy,0.7851155702311404
505,63,train,precision,0.6706484641638225
506,63,train,recall,0.375717017208413
507,63,train,f1_score,0.48161764705882354
508,63,validate,f1_score,0.5058626465661642
509,63,validate,accuracy,0.7903340440653873
510,63,validate,precision,0.6771300448430493
511,63,validate,recall,0.4037433155080214
512,64,train,accuracy,0.7851155702311404
513,64,train,precision,0.6706484641638225
514,64,train,recall,0.375717017208413
515,64,train,f1_score,0.48161764705882354
516,64,validate,f1_score,0.5058626465661642
517,64,validate,accuracy,0.7903340440653873
518,64,validate,precision,0.6771300448430493
519,64,validate,recall,0.4037433155080214
520,65,train,accuracy,0.7805435610871222
521,65,train,precision,0.6267409470752089
522,65,train,recall,0.43021032504780116
523,65,train,f1_score,0.5102040816326531
524,65,validate,f1_score,0.529500756429652
525,65,validate,accuracy,0.7789623312011372
526,65,validate,precision,0.6097560975609756
527,65,validate,recall,0.4679144385026738
528,66,train,accuracy,0.7833375666751333
529,66,train,precision,0.6690017513134852
530,66,train,recall,0.3652007648183556
531,66,train,f1_score,0.47247990105132953
532,66,validate,f1_score,0.49915682967959524
533,66,validate,accuracy,0.7889125799573561
534,66,validate,precision,0.6757990867579908
535,66,validate,recall,0.39572192513368987
536,67,train,accuracy,0.7884175768351537
537,67,train,precision,0.6563876651982379
538,67,train,recall,0.4273422562141491
539,67,train,f1_score,0.5176606832657789
540,67,validate,f1_score,0.5297805642633229
541,67,validate,accuracy,0.7867803837953091
542,67,validate,precision,0.6401515151515151
543,67,validate,recall,0.45187165775401067
544,68,train,accuracy,0.7884175768351537
545,68,train,precision,0.6563876651982379
546,68,train,recall,0.4273422562141491
547,68,train,f1_score,0.5176606832657789
548,68,validate,f1_score,0.5297805642633229
549,68,validate,accuracy,0.7867803837953091
550,68,validate,precision,0.6401515151515151
551,68,validate,recall,0.45187165775401067
552,69,train,accuracy,0.7884175768351537
553,69,train,precision,0.6563876651982379
554,69,train,recall,0.4273422562141491
555,69,train,f1_score,0.5176606832657789
556,69,validate,f1_score,0.5297805642633229
557,69,validate,accuracy,0.7867803837953091
558,69,validate,precision,0.6401515151515151
559,69,validate,recall,0.45187165775401067
560,70,train,accuracy,0.7884175768351537
561,70,train,precision,0.6563876651982379
562,70,train,recall,0.4273422562141491
563,70,train,f1_score,0.5176606832657789
564,70,validate,f1_score,0.5297805642633229
565,70,validate,accuracy,0.7867803837953091
566,70,validate,precision,0.6401515151515151
567,70,validate,recall,0.45187165775401067
568,71,train,accuracy,0.7884175768351537
569,71,train,precision,0.6563876651982379
570,71,train,recall,0.4273422562141491
571,71,train,f1_score,0.5176606832657789
572,71,validate,f1_score,0.5297805642633229
573,71,validate,accuracy,0.7867803837953091
574,71,validate,precision,0.6401515151515151
575,71,validate,recall,0.45187165775401067
576,72,train,accuracy,0.7884175768351537
577,72,train,precision,0.6563876651982379
578,72,train,recall,0.4273422562141491
579,72,train,f1_score,0.5176606832657789
580,72,validate,f1_score,0.5297805642633229
581,72,validate,accuracy,0.7867803837953091
582,72,validate,precision,0.6401515151515151
583,72,validate,recall,0.45187165775401067
584,73,train,accuracy,0.7805435610871222
585,73,train,precision,0.6267409470752089
586,73,train,recall,0.43021032504780116
587,73,train,f1_score,0.5102040816326531
588,73,validate,f1_score,0.529500756429652
589,73,validate,accuracy,0.7789623312011372
590,73,validate,precision,0.6097560975609756
591,73,validate,recall,0.4679144385026738
592,74,train,accuracy,0.7833375666751333
593,74,train,precision,0.6690017513134852
594,74,train,recall,0.3652007648183556
595,74,train,f1_score,0.47247990105132953
596,74,validate,f1_score,0.49915682967959524
597,74,validate,accuracy,0.7889125799573561
598,74,validate,precision,0.6757990867579908
599,74,validate,recall,0.39572192513368987
600,75,train,accuracy,0.7884175768351537
601,75,train,precision,0.6563876651982379
602,75,train,recall,0.4273422562141491
603,75,train,f1_score,0.5176606832657789
604,75,validate,f1_score,0.5297805642633229
605,75,validate,accuracy,0.7867803837953091
606,75,validate,precision,0.6401515151515151
607,75,validate,recall,0.45187165775401067
608,76,train,accuracy,0.7884175768351537
609,76,train,precision,0.6563876651982379
610,76,train,recall,0.4273422562141491
611,76,train,f1_score,0.5176606832657789
612,76,validate,f1_score,0.5297805642633229
613,76,validate,accuracy,0.7867803837953091
614,76,validate,precision,0.6401515151515151
615,76,validate,recall,0.45187165775401067
616,77,train,accuracy,0.7884175768351537
617,77,train,precision,0.6563876651982379
618,77,train,recall,0.4273422562141491
619,77,train,f1_score,0.5176606832657789
620,77,validate,f1_score,0.5297805642633229
621,77,validate,accuracy,0.7867803837953091
622,77,validate,precision,0.6401515151515151
623,77,validate,recall,0.45187165775401067
624,78,train,accuracy,0.7884175768351537
625,78,train,precision,0.6563876651982379
626,78,train,recall,0.4273422562141491
627,78,train,f1_score,0.5176606832657789
628,78,validate,f1_score,0.5297805642633229
629,78,validate,accuracy,0.7867803837953091
630,78,validate,precision,0.6401515151515151
631,78,validate,recall,0.45187165775401067
632,79,train,accuracy,0.7884175768351537
633,79,train,precision,0.6563876651982379
634,79,train,recall,0.4273422562141491
635,79,train,f1_score,0.5176606832657789
636,79,validate,f1_score,0.5297805642633229
637,79,validate,accuracy,0.7867803837953091
638,79,validate,precision,0.6401515151515151
639,79,validate,recall,0.45187165775401067
640,80,train,accuracy,0.7884175768351537
641,80,train,precision,0.6563876651982379
642,80,train,recall,0.4273422562141491
643,80,train,f1_score,0.5176606832657789
644,80,validate,f1_score,0.5297805642633229
645,80,validate,accuracy,0.7867803837953091
646,80,validate,precision,0.6401515151515151
647,80,validate,recall,0.45187165775401067
648,81,train,accuracy,0.7805435610871222
649,81,train,precision,0.6267409470752089
650,81,train,recall,0.43021032504780116
651,81,train,f1_score,0.5102040816326531
652,81,validate,f1_score,0.529500756429652
653,81,validate,accuracy,0.7789623312011372
654,81,validate,precision,0.6097560975609756
655,81,validate,recall,0.4679144385026738
656,82,train,accuracy,0.7833375666751333
657,82,train,precision,0.6690017513134852
658,82,train,recall,0.3652007648183556
659,82,train,f1_score,0.47247990105132953
660,82,validate,f1_score,0.49915682967959524
661,82,validate,accuracy,0.7889125799573561
662,82,validate,precision,0.6757990867579908
663,82,validate,recall,0.39572192513368987
664,83,train,accuracy,0.7884175768351537
665,83,train,precision,0.6563876651982379
666,83,train,recall,0.4273422562141491
667,83,train,f1_score,0.5176606832657789
668,83,validate,f1_score,0.5297805642633229
669,83,validate,accuracy,0.7867803837953091
670,83,validate,precision,0.6401515151515151
671,83,validate,recall,0.45187165775401067
672,84,train,accuracy,0.7884175768351537
673,84,train,precision,0.6563876651982379
674,84,train,recall,0.4273422562141491
675,84,train,f1_score,0.5176606832657789
676,84,validate,f1_score,0.5297805642633229
677,84,validate,accuracy,0.7867803837953091
678,84,validate,precision,0.6401515151515151
679,84,validate,recall,0.45187165775401067
680,85,train,accuracy,0.7884175768351537
681,85,train,precision,0.6563876651982379
682,85,train,recall,0.4273422562141491
683,85,train,f1_score,0.5176606832657789
684,85,validate,f1_score,0.5297805642633229
685,85,validate,accuracy,0.7867803837953091
686,85,validate,precision,0.6401515151515151
687,85,validate,recall,0.45187165775401067
688,86,train,accuracy,0.7884175768351537
689,86,train,precision,0.6563876651982379
690,86,train,recall,0.4273422562141491
691,86,train,f1_score,0.5176606832657789
692,86,validate,f1_score,0.5297805642633229
693,86,validate,accuracy,0.7867803837953091
694,86,validate,precision,0.6401515151515151
695,86,validate,recall,0.45187165775401067
696,87,train,accuracy,0.7884175768351537
697,87,train,precision,0.6563876651982379
698,87,train,recall,0.4273422562141491
699,87,train,f1_score,0.5176606832657789
700,87,validate,f1_score,0.5297805642633229
701,87,validate,accuracy,0.7867803837953091
702,87,validate,precision,0.6401515151515151
703,87,validate,recall,0.45187165775401067
704,88,train,accuracy,0.7884175768351537
705,88,train,precision,0.6563876651982379
706,88,train,recall,0.4273422562141491
707,88,train,f1_score,0.5176606832657789
708,88,validate,f1_score,0.5297805642633229
709,88,validate,accuracy,0.7867803837953091
710,88,validate,precision,0.6401515151515151
711,88,validate,recall,0.45187165775401067
712,89,train,accuracy,0.7599695199390398
713,89,train,precision,0.7512437810945274
714,89,train,recall,0.14435946462715105
715,89,train,f1_score,0.2421812349639134
716,89,validate,f1_score,0.3211991434689508
717,89,validate,accuracy,0.7746979388770433
718,89,validate,precision,0.8064516129032258
719,89,validate,recall,0.20053475935828877
720,90,train,accuracy,0.7599695199390398
721,90,train,precision,0.7512437810945274
722,90,train,recall,0.14435946462715105
723,90,train,f1_score,0.2421812349639134
724,90,validate,f1_score,0.3211991434689508
725,90,validate,accuracy,0.7746979388770433
726,90,validate,precision,0.8064516129032258
727,90,validate,recall,0.20053475935828877
728,91,train,accuracy,0.7599695199390398
729,91,train,precision,0.7512437810945274
730,91,train,recall,0.14435946462715105
731,91,train,f1_score,0.2421812349639134
732,91,validate,f1_score,0.3211991434689508
733,91,validate,accuracy,0.7746979388770433
734,91,validate,precision,0.8064516129032258
735,91,validate,recall,0.20053475935828877
736,92,train,accuracy,0.7599695199390398
737,92,train,precision,0.7512437810945274
738,92,train,recall,0.14435946462715105
739,92,train,f1_score,0.2421812349639134
740,92,validate,f1_score,0.3211991434689508
741,92,validate,accuracy,0.7746979388770433
742,92,validate,precision,0.8064516129032258
743,92,validate,recall,0.20053475935828877
744,93,train,accuracy,0.7599695199390398
745,93,train,precision,0.7512437810945274
746,93,train,recall,0.14435946462715105
747,93,train,f1_score,0.2421812349639134
748,93,validate,f1_score,0.3211991434689508
749,93,validate,accuracy,0.7746979388770433
750,93,validate,precision,0.8064516129032258
751,93,validate,recall,0.20053475935828877
752,94,train,accuracy,0.7599695199390398
753,94,train,precision,0.7512437810945274
754,94,train,recall,0.14435946462715105
755,94,train,f1_score,0.2421812349639134
756,94,validate,f1_score,0.3211991434689508
757,94,validate,accuracy,0.7746979388770433
758,94,validate,precision,0.8064516129032258
759,94,validate,recall,0.20053475935828877
760,95,train,accuracy,0.7599695199390398
761,95,train,precision,0.7512437810945274
762,95,train,recall,0.14435946462715105
763,95,train,f1_score,0.2421812349639134
764,95,validate,f1_score,0.3211991434689508
765,95,validate,accuracy,0.7746979388770433
766,95,validate,precision,0.8064516129032258
767,95,validate,recall,0.20053475935828877
768,96,train,accuracy,0.7599695199390398
769,96,train,precision,0.7512437810945274
770,96,train,recall,0.14435946462715105
771,96,train,f1_score,0.2421812349639134
772,96,validate,f1_score,0.3211991434689508
773,96,validate,accuracy,0.7746979388770433
774,96,validate,precision,0.8064516129032258
775,96,validate,recall,0.20053475935828877
776,97,train,accuracy,0.7599695199390398
777,97,train,precision,0.7512437810945274
778,97,train,recall,0.14435946462715105
779,97,train,f1_score,0.2421812349639134
780,97,validate,f1_score,0.3211991434689508
781,97,validate,accuracy,0.7746979388770433
782,97,validate,precision,0.8064516129032258
783,97,validate,recall,0.20053475935828877
784,98,train,accuracy,0.7599695199390398
785,98,train,precision,0.7512437810945274
786,98,train,recall,0.14435946462715105
787,98,train,f1_score,0.2421812349639134
788,98,validate,f1_score,0.3211991434689508
789,98,validate,accuracy,0.7746979388770433
790,98,validate,precision,0.8064516129032258
791,98,validate,recall,0.20053475935828877
792,99,train,accuracy,0.7670815341630683
793,99,train,precision,0.6329896907216495
794,99,train,recall,0.29349904397705545
795,99,train,f1_score,0.40104506858262573
796,99,validate,f1_score,0.45094664371772814
797,99,validate,accuracy,0.7732764747690121
798,99,validate,precision,0.6328502415458938
799,99,validate,recall,0.3502673796791444
800,100,train,accuracy,0.7670815341630683
801,100,train,precision,0.6329896907216495
802,100,train,recall,0.29349904397705545
803,100,train,f1_score,0.40104506858262573
804,100,validate,f1_score,0.45094664371772814
805,100,validate,accuracy,0.7732764747690121
806,100,validate,precision,0.6328502415458938
807,100,validate,recall,0.3502673796791444
808,101,train,accuracy,0.7670815341630683
809,101,train,precision,0.6329896907216495
810,101,train,recall,0.29349904397705545
811,101,train,f1_score,0.40104506858262573
812,101,validate,f1_score,0.45094664371772814
813,101,validate,accuracy,0.7732764747690121
814,101,validate,precision,0.6328502415458938
815,101,validate,recall,0.3502673796791444
816,102,train,accuracy,0.7670815341630683
817,102,train,precision,0.6329896907216495
818,102,train,recall,0.29349904397705545
819,102,train,f1_score,0.40104506858262573
820,102,validate,f1_score,0.45094664371772814
821,102,validate,accuracy,0.7732764747690121
822,102,validate,precision,0.6328502415458938
823,102,validate,recall,0.3502673796791444
824,103,train,accuracy,0.7670815341630683
825,103,train,precision,0.6329896907216495
826,103,train,recall,0.29349904397705545
827,103,train,f1_score,0.40104506858262573
828,103,validate,f1_score,0.45094664371772814
829,103,validate,accuracy,0.7732764747690121
830,103,validate,precision,0.6328502415458938
831,103,validate,recall,0.3502673796791444
832,104,train,accuracy,0.7670815341630683
833,104,train,precision,0.6329896907216495
834,104,train,recall,0.29349904397705545
835,104,train,f1_score,0.40104506858262573
836,104,validate,f1_score,0.45094664371772814
837,104,validate,accuracy,0.7732764747690121
838,104,validate,precision,0.6328502415458938
839,104,validate,recall,0.3502673796791444
840,105,train,accuracy,0.7670815341630683
841,105,train,precision,0.6329896907216495
842,105,train,recall,0.29349904397705545
843,105,train,f1_score,0.40104506858262573
844,105,validate,f1_score,0.45094664371772814
845,105,validate,accuracy,0.7732764747690121
846,105,validate,precision,0.6328502415458938
847,105,validate,recall,0.3502673796791444
848,106,train,accuracy,0.7670815341630683
849,106,train,precision,0.6329896907216495
850,106,train,recall,0.29349904397705545
851,106,train,f1_score,0.40104506858262573
852,106,validate,f1_score,0.45094664371772814
853,106,validate,accuracy,0.7732764747690121
854,106,validate,precision,0.6328502415458938
855,106,validate,recall,0.3502673796791444
856,107,train,accuracy,0.7627635255270511
857,107,train,precision,0.7641509433962265
858,107,train,recall,0.15487571701720843
859,107,train,f1_score,0.2575516693163752
860,107,validate,f1_score,0.33826638477801263
861,107,validate,accuracy,0.7775408670931059
862,107,validate,precision,0.8080808080808081
863,107,validate,recall,0.21390374331550802
864,108,train,accuracy,0.7627635255270511
865,108,train,precision,0.7641509433962265
866,108,train,recall,0.15487571701720843
867,108,train,f1_score,0.2575516693163752
868,108,validate,f1_score,0.33826638477801263
869,108,validate,accuracy,0.7775408670931059
870,108,validate,precision,0.8080808080808081
871,108,validate,recall,0.21390374331550802
872,109,train,accuracy,0.7708915417830836
873,109,train,precision,0.6363636363636364
874,109,train,recall,0.32122370936902483
875,109,train,f1_score,0.4269377382465057
876,109,validate,f1_score,0.4755480607082631
877,109,validate,accuracy,0.7789623312011372
878,109,validate,precision,0.6438356164383562
879,109,validate,recall,0.3770053475935829
880,110,train,accuracy,0.7708915417830836
881,110,train,precision,0.6363636363636364
882,110,train,recall,0.32122370936902483
883,110,train,f1_score,0.4269377382465057
884,110,validate,f1_score,0.4755480607082631
885,110,validate,accuracy,0.7789623312011372
886,110,validate,precision,0.6438356164383562
887,110,validate,recall,0.3770053475935829
888,111,train,accuracy,0.7708915417830836
889,111,train,precision,0.6363636363636364
890,111,train,recall,0.32122370936902483
891,111,train,f1_score,0.4269377382465057
892,111,validate,f1_score,0.4755480607082631
893,111,validate,accuracy,0.7789623312011372
894,111,validate,precision,0.6438356164383562
895,111,validate,recall,0.3770053475935829
896,112,train,accuracy,0.7708915417830836
897,112,train,precision,0.6363636363636364
898,112,train,recall,0.32122370936902483
899,112,train,f1_score,0.4269377382465057
900,112,validate,f1_score,0.4755480607082631
901,112,validate,accuracy,0.7789623312011372
902,112,validate,precision,0.6438356164383562
903,112,validate,recall,0.3770053475935829
904,113,train,accuracy,0.7708915417830836
905,113,train,precision,0.6363636363636364
906,113,train,recall,0.32122370936902483
907,113,train,f1_score,0.4269377382465057
908,113,validate,f1_score,0.4755480607082631
909,113,validate,accuracy,0.7789623312011372
910,113,validate,precision,0.6438356164383562
911,113,validate,recall,0.3770053475935829
912,114,train,accuracy,0.7708915417830836
913,114,train,precision,0.6363636363636364
914,114,train,recall,0.32122370936902483
915,114,train,f1_score,0.4269377382465057
916,114,validate,f1_score,0.4755480607082631
917,114,validate,accuracy,0.7789623312011372
918,114,validate,precision,0.6438356164383562
919,114,validate,recall,0.3770053475935829
920,115,train,accuracy,0.7708915417830836
921,115,train,precision,0.6363636363636364
922,115,train,recall,0.32122370936902483
923,115,train,f1_score,0.4269377382465057
924,115,validate,f1_score,0.4755480607082631
925,115,validate,accuracy,0.7789623312011372
926,115,validate,precision,0.6438356164383562
927,115,validate,recall,0.3770053475935829
928,116,train,accuracy,0.7627635255270511
929,116,train,precision,0.7641509433962265
930,116,train,recall,0.15487571701720843
931,116,train,f1_score,0.2575516693163752
932,116,validate,f1_score,0.33826638477801263
933,116,validate,accuracy,0.7775408670931059
934,116,validate,precision,0.8080808080808081
935,116,validate,recall,0.21390374331550802
936,117,train,accuracy,0.7627635255270511
937,117,train,precision,0.7641509433962265
938,117,train,recall,0.15487571701720843
939,117,train,f1_score,0.2575516693163752
940,117,validate,f1_score,0.33826638477801263
941,117,validate,accuracy,0.7775408670931059
942,117,validate,precision,0.8080808080808081
943,117,validate,recall,0.21390374331550802
944,118,train,accuracy,0.7637795275590551
945,118,train,precision,0.7377049180327869
946,118,train,recall,0.17208413001912046
947,118,train,f1_score,0.27906976744186046
948,118,validate,f1_score,0.3549060542797494
949,118,validate,accuracy,0.7803837953091685
950,118,validate,precision,0.8095238095238095
951,118,validate,recall,0.22727272727272727
952,119,train,accuracy,0.7843535687071375
953,119,train,precision,0.6294349540078844
954,119,train,recall,0.45793499043977054
955,119,train,f1_score,0.5301604869950194
956,119,validate,f1_score,0.5497771173848439
957,119,validate,accuracy,0.7846481876332623
958,119,validate,precision,0.6187290969899666
959,119,validate,recall,0.4946524064171123
960,120,train,accuracy,0.7843535687071375
961,120,train,precision,0.6294349540078844
962,120,train,recall,0.45793499043977054
963,120,train,f1_score,0.5301604869950194
964,120,validate,f1_score,0.5497771173848439
965,120,validate,accuracy,0.7846481876332623
966,120,validate,precision,0.6187290969899666
967,120,validate,recall,0.4946524064171123
968,121,train,accuracy,0.7843535687071375
969,121,train,precision,0.6294349540078844
970,121,train,recall,0.45793499043977054
971,121,train,f1_score,0.5301604869950194
972,121,validate,f1_score,0.5497771173848439
973,121,validate,accuracy,0.7846481876332623
974,121,validate,precision,0.6187290969899666
975,121,validate,recall,0.4946524064171123
976,122,train,accuracy,0.7843535687071375
977,122,train,precision,0.6294349540078844
978,122,train,recall,0.45793499043977054
979,122,train,f1_score,0.5301604869950194
980,122,validate,f1_score,0.5497771173848439
981,122,validate,accuracy,0.7846481876332623
982,122,validate,precision,0.6187290969899666
983,122,validate,recall,0.4946524064171123
984,123,train,accuracy,0.7843535687071375
985,123,train,precision,0.6294349540078844
986,123,train,recall,0.45793499043977054
987,123,train,f1_score,0.5301604869950194
988,123,validate,f1_score,0.5497771173848439
989,123,validate,accuracy,0.7846481876332623
990,123,validate,precision,0.6187290969899666
991,123,validate,recall,0.4946524064171123
992,124,train,accuracy,0.7843535687071375
993,124,train,precision,0.6294349540078844
994,124,train,recall,0.45793499043977054
995,124,train,f1_score,0.5301604869950194
996,124,validate,f1_score,0.5497771173848439
997,124,validate,accuracy,0.7846481876332623
998,124,validate,precision,0.6187290969899666
999,124,validate,recall,0.4946524064171123
1000,125,train,accuracy,0.7599695199390398
1001,125,train,precision,0.7512437810945274
1002,125,train,recall,0.14435946462715105
1003,125,train,f1_score,0.2421812349639134
1004,125,validate,f1_score,0.3211991434689508
1005,125,validate,accuracy,0.7746979388770433
1006,125,validate,precision,0.8064516129032258
1007,125,validate,recall,0.20053475935828877
1008,126,train,accuracy,0.7627635255270511
1009,126,train,precision,0.7641509433962265
1010,126,train,recall,0.15487571701720843
1011,126,train,f1_score,0.2575516693163752
1012,126,validate,f1_score,0.33826638477801263
1013,126,validate,accuracy,0.7775408670931059
1014,126,validate,precision,0.8080808080808081
1015,126,validate,recall,0.21390374331550802
1016,127,train,accuracy,0.7762255524511049
1017,127,train,precision,0.6853932584269663
1018,127,train,recall,0.29158699808795413
1019,127,train,f1_score,0.40912139503688805
1020,127,validate,f1_score,0.44846292947558775
1021,127,validate,accuracy,0.783226723525231
1022,127,validate,precision,0.6927374301675978
1023,127,validate,recall,0.3315508021390374
1024,128,train,accuracy,0.7833375666751333
1025,128,train,precision,0.6323731138545954
1026,128,train,recall,0.44072657743785854
1027,128,train,f1_score,0.5194366197183099
1028,128,validate,f1_score,0.5397301349325337
1029,128,validate,accuracy,0.7818052594171997
1030,128,validate,precision,0.6143344709897611
1031,128,validate,recall,0.48128342245989303
1032,129,train,accuracy,0.7843535687071375
1033,129,train,precision,0.6294349540078844
1034,129,train,recall,0.45793499043977054
1035,129,train,f1_score,0.5301604869950194
1036,129,validate,f1_score,0.5497771173848439
1037,129,validate,accuracy,0.7846481876332623
1038,129,validate,precision,0.6187290969899666
1039,129,validate,recall,0.4946524064171123
1040,130,train,accuracy,0.7843535687071375
1041,130,train,precision,0.6294349540078844
1042,130,train,recall,0.45793499043977054
1043,130,train,f1_score,0.5301604869950194
1044,130,validate,f1_score,0.5497771173848439
1045,130,validate,accuracy,0.7846481876332623
1046,130,validate,precision,0.6187290969899666
1047,130,validate,recall,0.4946524064171123
1048,131,train,accuracy,0.7843535687071375
1049,131,train,precision,0.6294349540078844
1050,131,train,recall,0.45793499043977054
1051,131,train,f1_score,0.5301604869950194
1052,131,validate,f1_score,0.5497771173848439
1053,131,validate,accuracy,0.7846481876332623
1054,131,validate,precision,0.6187290969899666
1055,131,validate,recall,0.4946524064171123
1056,132,train,accuracy,0.7843535687071375
1057,132,train,precision,0.6294349540078844
1058,132,train,recall,0.45793499043977054
1059,132,train,f1_score,0.5301604869950194
1060,132,validate,f1_score,0.5497771173848439
1061,132,validate,accuracy,0.7846481876332623
1062,132,validate,precision,0.6187290969899666
1063,132,validate,recall,0.4946524064171123
1064,133,train,accuracy,0.7843535687071375
1065,133,train,precision,0.6294349540078844
1066,133,train,recall,0.45793499043977054
1067,133,train,f1_score,0.5301604869950194
1068,133,validate,f1_score,0.5497771173848439
1069,133,validate,accuracy,0.7846481876332623
1070,133,validate,precision,0.6187290969899666
1071,133,validate,recall,0.4946524064171123
1072,134,train,accuracy,0.7599695199390398
1073,134,train,precision,0.7512437810945274
1074,134,train,recall,0.14435946462715105
1075,134,train,f1_score,0.2421812349639134
1076,134,validate,f1_score,0.3211991434689508
1077,134,validate,accuracy,0.7746979388770433
1078,134,validate,precision,0.8064516129032258
1079,134,validate,recall,0.20053475935828877
1080,135,train,accuracy,0.7627635255270511
1081,135,train,precision,0.7641509433962265
1082,135,train,recall,0.15487571701720843
1083,135,train,f1_score,0.2575516693163752
1084,135,validate,f1_score,0.33826638477801263
1085,135,validate,accuracy,0.7775408670931059
1086,135,validate,precision,0.8080808080808081
1087,135,validate,recall,0.21390374331550802
1088,136,train,accuracy,0.7833375666751333
1089,136,train,precision,0.6690017513134852
1090,136,train,recall,0.3652007648183556
1091,136,train,f1_score,0.47247990105132953
1092,136,validate,f1_score,0.49915682967959524
1093,136,validate,accuracy,0.7889125799573561
1094,136,validate,precision,0.6757990867579908
1095,136,validate,recall,0.39572192513368987
1096,137,train,accuracy,0.7851155702311404
1097,137,train,precision,0.6706484641638225
1098,137,train,recall,0.375717017208413
1099,137,train,f1_score,0.48161764705882354
1100,137,validate,f1_score,0.5058626465661642
1101,137,validate,accuracy,0.7903340440653873
1102,137,validate,precision,0.6771300448430493
1103,137,validate,recall,0.4037433155080214
1104,138,train,accuracy,0.7851155702311404
1105,138,train,precision,0.6706484641638225
1106,138,train,recall,0.375717017208413
1107,138,train,f1_score,0.48161764705882354
1108,138,validate,f1_score,0.5058626465661642
1109,138,validate,accuracy,0.7903340440653873
1110,138,validate,precision,0.6771300448430493
1111,138,validate,recall,0.4037433155080214
1112,139,train,accuracy,0.7851155702311404
1113,139,train,precision,0.6344086021505376
1114,139,train,recall,0.45124282982791586
1115,139,train,f1_score,0.5273743016759778
1116,139,validate,f1_score,0.5454545454545455
1117,139,validate,accuracy,0.783226723525231
1118,139,validate,precision,0.6161616161616161
1119,139,validate,recall,0.4893048128342246
1120,140,train,accuracy,0.7851155702311404
1121,140,train,precision,0.6344086021505376
1122,140,train,recall,0.45124282982791586
1123,140,train,f1_score,0.5273743016759778
1124,140,validate,f1_score,0.5454545454545455
1125,140,validate,accuracy,0.783226723525231
1126,140,validate,precision,0.6161616161616161
1127,140,validate,recall,0.4893048128342246
1128,141,train,accuracy,0.7851155702311404
1129,141,train,precision,0.6344086021505376
1130,141,train,recall,0.45124282982791586
1131,141,train,f1_score,0.5273743016759778
1132,141,validate,f1_score,0.5454545454545455
1133,141,validate,accuracy,0.783226723525231
1134,141,validate,precision,0.6161616161616161
1135,141,validate,recall,0.4893048128342246
1136,142,train,accuracy,0.7851155702311404
1137,142,train,precision,0.6344086021505376
1138,142,train,recall,0.45124282982791586
1139,142,train,f1_score,0.5273743016759778
1140,142,validate,f1_score,0.5454545454545455
1141,142,validate,accuracy,0.783226723525231
1142,142,validate,precision,0.6161616161616161
1143,142,validate,recall,0.4893048128342246
1144,143,train,accuracy,0.7343154686309372
1145,143,train,precision,0.0
1146,143,train,recall,0.0
1147,143,train,f1_score,0.0
1148,143,validate,f1_score,0.0
1149,143,validate,accuracy,0.7341862117981521
1150,143,validate,precision,0.0
1151,143,validate,recall,0.0
1152,144,train,accuracy,0.7627635255270511
1153,144,train,precision,0.7641509433962265
1154,144,train,recall,0.15487571701720843
1155,144,train,f1_score,0.2575516693163752
1156,144,validate,f1_score,0.33826638477801263
1157,144,validate,accuracy,0.7775408670931059
1158,144,validate,precision,0.8080808080808081
1159,144,validate,recall,0.21390374331550802
1160,145,train,accuracy,0.7762255524511049
1161,145,train,precision,0.6853932584269663
1162,145,train,recall,0.29158699808795413
1163,145,train,f1_score,0.40912139503688805
1164,145,validate,f1_score,0.44846292947558775
1165,145,validate,accuracy,0.783226723525231
1166,145,validate,precision,0.6927374301675978
1167,145,validate,recall,0.3315508021390374
1168,146,train,accuracy,0.7851155702311404
1169,146,train,precision,0.6706484641638225
1170,146,train,recall,0.375717017208413
1171,146,train,f1_score,0.48161764705882354
1172,146,validate,f1_score,0.5058626465661642
1173,146,validate,accuracy,0.7903340440653873
1174,146,validate,precision,0.6771300448430493
1175,146,validate,recall,0.4037433155080214
1176,147,train,accuracy,0.7851155702311404
1177,147,train,precision,0.6706484641638225
1178,147,train,recall,0.375717017208413
1179,147,train,f1_score,0.48161764705882354
1180,147,validate,f1_score,0.5058626465661642
1181,147,validate,accuracy,0.7903340440653873
1182,147,validate,precision,0.6771300448430493
1183,147,validate,recall,0.4037433155080214
1184,148,train,accuracy,0.7851155702311404
1185,148,train,precision,0.6706484641638225
1186,148,train,recall,0.375717017208413
1187,148,train,f1_score,0.48161764705882354
1188,148,validate,f1_score,0.5058626465661642
1189,148,validate,accuracy,0.7903340440653873
1190,148,validate,precision,0.6771300448430493
1191,148,validate,recall,0.4037433155080214
1192,149,train,accuracy,0.7851155702311404
1193,149,train,precision,0.6344086021505376
1194,149,train,recall,0.45124282982791586
1195,149,train,f1_score,0.5273743016759778
1196,149,validate,f1_score,0.5454545454545455
1197,149,validate,accuracy,0.783226723525231
1198,149,validate,precision,0.6161616161616161
1199,149,validate,recall,0.4893048128342246
1200,150,train,accuracy,0.7851155702311404
1201,150,train,precision,0.6344086021505376
1202,150,train,recall,0.45124282982791586
1203,150,train,f1_score,0.5273743016759778
1204,150,validate,f1_score,0.5454545454545455
1205,150,validate,accuracy,0.783226723525231
1206,150,validate,precision,0.6161616161616161
1207,150,validate,recall,0.4893048128342246
1208,151,train,accuracy,0.7851155702311404
1209,151,train,precision,0.6344086021505376
1210,151,train,recall,0.45124282982791586
1211,151,train,f1_score,0.5273743016759778
1212,151,validate,f1_score,0.5454545454545455
1213,151,validate,accuracy,0.783226723525231
1214,151,validate,precision,0.6161616161616161
1215,151,validate,recall,0.4893048128342246
1216,152,train,accuracy,0.7599695199390398
1217,152,train,precision,0.7512437810945274
1218,152,train,recall,0.14435946462715105
1219,152,train,f1_score,0.2421812349639134
1220,152,validate,f1_score,0.3211991434689508
1221,152,validate,accuracy,0.7746979388770433
1222,152,validate,precision,0.8064516129032258
1223,152,validate,recall,0.20053475935828877
1224,153,train,accuracy,0.7627635255270511
1225,153,train,precision,0.7641509433962265
1226,153,train,recall,0.15487571701720843
1227,153,train,f1_score,0.2575516693163752
1228,153,validate,f1_score,0.33826638477801263
1229,153,validate,accuracy,0.7775408670931059
1230,153,validate,precision,0.8080808080808081
1231,153,validate,recall,0.21390374331550802
1232,154,train,accuracy,0.7762255524511049
1233,154,train,precision,0.6853932584269663
1234,154,train,recall,0.29158699808795413
1235,154,train,f1_score,0.40912139503688805
1236,154,validate,f1_score,0.44846292947558775
1237,154,validate,accuracy,0.783226723525231
1238,154,validate,precision,0.6927374301675978
1239,154,validate,recall,0.3315508021390374
1240,155,train,accuracy,0.7884175768351537
1241,155,train,precision,0.6563876651982379
1242,155,train,recall,0.4273422562141491
1243,155,train,f1_score,0.5176606832657789
1244,155,validate,f1_score,0.5297805642633229
1245,155,validate,accuracy,0.7867803837953091
1246,155,validate,precision,0.6401515151515151
1247,155,validate,recall,0.45187165775401067
1248,156,train,accuracy,0.7851155702311404
1249,156,train,precision,0.6706484641638225
1250,156,train,recall,0.375717017208413
1251,156,train,f1_score,0.48161764705882354
1252,156,validate,f1_score,0.5058626465661642
1253,156,validate,accuracy,0.7903340440653873
1254,156,validate,precision,0.6771300448430493
1255,156,validate,recall,0.4037433155080214
1256,157,train,accuracy,0.7884175768351537
1257,157,train,precision,0.6563876651982379
1258,157,train,recall,0.4273422562141491
1259,157,train,f1_score,0.5176606832657789
1260,157,validate,f1_score,0.5297805642633229
1261,157,validate,accuracy,0.7867803837953091
1262,157,validate,precision,0.6401515151515151
1263,157,validate,recall,0.45187165775401067
1264,158,train,accuracy,0.7851155702311404
1265,158,train,precision,0.6094091903719913
1266,158,train,recall,0.5325047801147228
1267,158,train,f1_score,0.5683673469387756
1268,158,validate,f1_score,0.5816186556927297
1269,158,validate,accuracy,0.783226723525231
1270,158,validate,precision,0.5971830985915493
1271,158,validate,recall,0.5668449197860963
1272,159,train,accuracy,0.7884175768351537
1273,159,train,precision,0.6563876651982379
1274,159,train,recall,0.4273422562141491
1275,159,train,f1_score,0.5176606832657789
1276,159,validate,f1_score,0.5297805642633229
1277,159,validate,accuracy,0.7867803837953091
1278,159,validate,precision,0.6401515151515151
1279,159,validate,recall,0.45187165775401067
1280,160,train,accuracy,0.7884175768351537
1281,160,train,precision,0.6563876651982379
1282,160,train,recall,0.4273422562141491
1283,160,train,f1_score,0.5176606832657789
1284,160,validate,f1_score,0.5297805642633229
1285,160,validate,accuracy,0.7867803837953091
1286,160,validate,precision,0.6401515151515151
1287,160,validate,recall,0.45187165775401067
1288,161,train,accuracy,0.7343154686309372
1289,161,train,precision,0.0
1290,161,train,recall,0.0
1291,161,train,f1_score,0.0
1292,161,validate,f1_score,0.0
1293,161,validate,accuracy,0.7341862117981521
1294,161,validate,precision,0.0
1295,161,validate,recall,0.0
1296,162,train,accuracy,0.7627635255270511
1297,162,train,precision,0.7641509433962265
1298,162,train,recall,0.15487571701720843
1299,162,train,f1_score,0.2575516693163752
1300,162,validate,f1_score,0.33826638477801263
1301,162,validate,accuracy,0.7775408670931059
1302,162,validate,precision,0.8080808080808081
1303,162,validate,recall,0.21390374331550802
1304,163,train,accuracy,0.7762255524511049
1305,163,train,precision,0.6853932584269663
1306,163,train,recall,0.29158699808795413
1307,163,train,f1_score,0.40912139503688805
1308,163,validate,f1_score,0.44846292947558775
1309,163,validate,accuracy,0.783226723525231
1310,163,validate,precision,0.6927374301675978
1311,163,validate,recall,0.3315508021390374
1312,164,train,accuracy,0.7884175768351537
1313,164,train,precision,0.6563876651982379
1314,164,train,recall,0.4273422562141491
1315,164,train,f1_score,0.5176606832657789
1316,164,validate,f1_score,0.5297805642633229
1317,164,validate,accuracy,0.7867803837953091
1318,164,validate,precision,0.6401515151515151
1319,164,validate,recall,0.45187165775401067
1320,165,train,accuracy,0.7884175768351537
1321,165,train,precision,0.6563876651982379
1322,165,train,recall,0.4273422562141491
1323,165,train,f1_score,0.5176606832657789
1324,165,validate,f1_score,0.5297805642633229
1325,165,validate,accuracy,0.7867803837953091
1326,165,validate,precision,0.6401515151515151
1327,165,validate,recall,0.45187165775401067
1328,166,train,accuracy,0.7884175768351537
1329,166,train,precision,0.6563876651982379
1330,166,train,recall,0.4273422562141491
1331,166,train,f1_score,0.5176606832657789
1332,166,validate,f1_score,0.5297805642633229
1333,166,validate,accuracy,0.7867803837953091
1334,166,validate,precision,0.6401515151515151
1335,166,validate,recall,0.45187165775401067
1336,167,train,accuracy,0.7884175768351537
1337,167,train,precision,0.6563876651982379
1338,167,train,recall,0.4273422562141491
1339,167,train,f1_score,0.5176606832657789
1340,167,validate,f1_score,0.5297805642633229
1341,167,validate,accuracy,0.7867803837953091
1342,167,validate,precision,0.6401515151515151
1343,167,validate,recall,0.45187165775401067
1344,168,train,accuracy,0.7884175768351537
1345,168,train,precision,0.6251468860164512
1346,168,train,recall,0.5086042065009561
1347,168,train,f1_score,0.5608856088560886
1348,168,validate,f1_score,0.5689655172413793
1349,168,validate,accuracy,0.7867803837953091
1350,168,validate,precision,0.6149068322981367
1351,168,validate,recall,0.5294117647058824
1352,169,train,accuracy,0.7884175768351537
1353,169,train,precision,0.6251468860164512
1354,169,train,recall,0.5086042065009561
1355,169,train,f1_score,0.5608856088560886
1356,169,validate,f1_score,0.5689655172413793
1357,169,validate,accuracy,0.7867803837953091
1358,169,validate,precision,0.6149068322981367
1359,169,validate,recall,0.5294117647058824
1360,170,train,accuracy,0.7343154686309372
1361,170,train,precision,0.0
1362,170,train,recall,0.0
1363,170,train,f1_score,0.0
1364,170,validate,f1_score,0.0
1365,170,validate,accuracy,0.7341862117981521
1366,170,validate,precision,0.0
1367,170,validate,recall,0.0
1368,171,train,accuracy,0.7627635255270511
1369,171,train,precision,0.7641509433962265
1370,171,train,recall,0.15487571701720843
1371,171,train,f1_score,0.2575516693163752
1372,171,validate,f1_score,0.33826638477801263
1373,171,validate,accuracy,0.7775408670931059
1374,171,validate,precision,0.8080808080808081
1375,171,validate,recall,0.21390374331550802
1376,172,train,accuracy,0.7762255524511049
1377,172,train,precision,0.6853932584269663
1378,172,train,recall,0.29158699808795413
1379,172,train,f1_score,0.40912139503688805
1380,172,validate,f1_score,0.44846292947558775
1381,172,validate,accuracy,0.783226723525231
1382,172,validate,precision,0.6927374301675978
1383,172,validate,recall,0.3315508021390374
1384,173,train,accuracy,0.7884175768351537
1385,173,train,precision,0.6563876651982379
1386,173,train,recall,0.4273422562141491
1387,173,train,f1_score,0.5176606832657789
1388,173,validate,f1_score,0.5297805642633229
1389,173,validate,accuracy,0.7867803837953091
1390,173,validate,precision,0.6401515151515151
1391,173,validate,recall,0.45187165775401067
1392,174,train,accuracy,0.7884175768351537
1393,174,train,precision,0.6563876651982379
1394,174,train,recall,0.4273422562141491
1395,174,train,f1_score,0.5176606832657789
1396,174,validate,f1_score,0.5297805642633229
1397,174,validate,accuracy,0.7867803837953091
1398,174,validate,precision,0.6401515151515151
1399,174,validate,recall,0.45187165775401067
1400,175,train,accuracy,0.7884175768351537
1401,175,train,precision,0.6563876651982379
1402,175,train,recall,0.4273422562141491
1403,175,train,f1_score,0.5176606832657789
1404,175,validate,f1_score,0.5297805642633229
1405,175,validate,accuracy,0.7867803837953091
1406,175,validate,precision,0.6401515151515151
1407,175,validate,recall,0.45187165775401067
1408,176,train,accuracy,0.7884175768351537
1409,176,train,precision,0.6563876651982379
1410,176,train,recall,0.4273422562141491
1411,176,train,f1_score,0.5176606832657789
1412,176,validate,f1_score,0.5297805642633229
1413,176,validate,accuracy,0.7867803837953091
1414,176,validate,precision,0.6401515151515151
1415,176,validate,recall,0.45187165775401067
1416,177,train,accuracy,0.7884175768351537
1417,177,train,precision,0.6251468860164512
1418,177,train,recall,0.5086042065009561
1419,177,train,f1_score,0.5608856088560886
1420,177,validate,f1_score,0.5689655172413793
1421,177,validate,accuracy,0.7867803837953091
1422,177,validate,precision,0.6149068322981367
1423,177,validate,recall,0.5294117647058824
1424,178,train,accuracy,0.7884175768351537
1425,178,train,precision,0.6251468860164512
1426,178,train,recall,0.5086042065009561
1427,178,train,f1_score,0.5608856088560886
1428,178,validate,f1_score,0.5689655172413793
1429,178,validate,accuracy,0.7867803837953091
1430,178,validate,precision,0.6149068322981367
1431,178,validate,recall,0.5294117647058824
1432,179,train,accuracy,0.7343154686309372
1433,179,train,precision,0.0
1434,179,train,recall,0.0
1435,179,train,f1_score,0.0
1436,179,validate,f1_score,0.0
1437,179,validate,accuracy,0.7341862117981521
1438,179,validate,precision,0.0
1439,179,validate,recall,0.0
1440,180,train,accuracy,0.7627635255270511
1441,180,train,precision,0.7641509433962265
1442,180,train,recall,0.15487571701720843
1443,180,train,f1_score,0.2575516693163752
1444,180,validate,f1_score,0.33826638477801263
1445,180,validate,accuracy,0.7775408670931059
1446,180,validate,precision,0.8080808080808081
1447,180,validate,recall,0.21390374331550802
1448,181,train,accuracy,0.7762255524511049
1449,181,train,precision,0.6853932584269663
1450,181,train,recall,0.29158699808795413
1451,181,train,f1_score,0.40912139503688805
1452,181,validate,f1_score,0.44846292947558775
1453,181,validate,accuracy,0.783226723525231
1454,181,validate,precision,0.6927374301675978
1455,181,validate,recall,0.3315508021390374
1456,182,train,accuracy,0.7884175768351537
1457,182,train,precision,0.6563876651982379
1458,182,train,recall,0.4273422562141491
1459,182,train,f1_score,0.5176606832657789
1460,182,validate,f1_score,0.5297805642633229
1461,182,validate,accuracy,0.7867803837953091
1462,182,validate,precision,0.6401515151515151
1463,182,validate,recall,0.45187165775401067
1464,183,train,accuracy,0.7884175768351537
1465,183,train,precision,0.6563876651982379
1466,183,train,recall,0.4273422562141491
1467,183,train,f1_score,0.5176606832657789
1468,183,validate,f1_score,0.5297805642633229
1469,183,validate,accuracy,0.7867803837953091
1470,183,validate,precision,0.6401515151515151
1471,183,validate,recall,0.45187165775401067
1472,184,train,accuracy,0.7884175768351537
1473,184,train,precision,0.6563876651982379
1474,184,train,recall,0.4273422562141491
1475,184,train,f1_score,0.5176606832657789
1476,184,validate,f1_score,0.5297805642633229
1477,184,validate,accuracy,0.7867803837953091
1478,184,validate,precision,0.6401515151515151
1479,184,validate,recall,0.45187165775401067
1480,185,train,accuracy,0.7884175768351537
1481,185,train,precision,0.6563876651982379
1482,185,train,recall,0.4273422562141491
1483,185,train,f1_score,0.5176606832657789
1484,185,validate,f1_score,0.5297805642633229
1485,185,validate,accuracy,0.7867803837953091
1486,185,validate,precision,0.6401515151515151
1487,185,validate,recall,0.45187165775401067
1488,186,train,accuracy,0.7884175768351537
1489,186,train,precision,0.6251468860164512
1490,186,train,recall,0.5086042065009561
1491,186,train,f1_score,0.5608856088560886
1492,186,validate,f1_score,0.5689655172413793
1493,186,validate,accuracy,0.7867803837953091
1494,186,validate,precision,0.6149068322981367
1495,186,validate,recall,0.5294117647058824
1496,187,train,accuracy,0.7884175768351537
1497,187,train,precision,0.6251468860164512
1498,187,train,recall,0.5086042065009561
1499,187,train,f1_score,0.5608856088560886
1500,187,validate,f1_score,0.5689655172413793
1501,187,validate,accuracy,0.7867803837953091
1502,187,validate,precision,0.6149068322981367
1503,187,validate,recall,0.5294117647058824
1504,188,train,accuracy,0.7343154686309372
1505,188,train,precision,0.0
1506,188,train,recall,0.0
1507,188,train,f1_score,0.0
1508,188,validate,f1_score,0.0
1509,188,validate,accuracy,0.7341862117981521
1510,188,validate,precision,0.0
1511,188,validate,recall,0.0
1512,189,train,accuracy,0.7599695199390398
1513,189,train,precision,0.7512437810945274
1514,189,train,recall,0.14435946462715105
1515,189,train,f1_score,0.2421812349639134
1516,189,validate,f1_score,0.3211991434689508
1517,189,validate,accuracy,0.7746979388770433
1518,189,validate,precision,0.8064516129032258
1519,189,validate,recall,0.20053475935828877
1520,190,train,accuracy,0.7599695199390398
1521,190,train,precision,0.7512437810945274
1522,190,train,recall,0.14435946462715105
1523,190,train,f1_score,0.2421812349639134
1524,190,validate,f1_score,0.3211991434689508
1525,190,validate,accuracy,0.7746979388770433
1526,190,validate,precision,0.8064516129032258
1527,190,validate,recall,0.20053475935828877
1528,191,train,accuracy,0.7599695199390398
1529,191,train,precision,0.7512437810945274
1530,191,train,recall,0.14435946462715105
1531,191,train,f1_score,0.2421812349639134
1532,191,validate,f1_score,0.3211991434689508
1533,191,validate,accuracy,0.7746979388770433
1534,191,validate,precision,0.8064516129032258
1535,191,validate,recall,0.20053475935828877
1536,192,train,accuracy,0.7599695199390398
1537,192,train,precision,0.7512437810945274
1538,192,train,recall,0.14435946462715105
1539,192,train,f1_score,0.2421812349639134
1540,192,validate,f1_score,0.3211991434689508
1541,192,validate,accuracy,0.7746979388770433
1542,192,validate,precision,0.8064516129032258
1543,192,validate,recall,0.20053475935828877
1544,193,train,accuracy,0.7599695199390398
1545,193,train,precision,0.7512437810945274
1546,193,train,recall,0.14435946462715105
1547,193,train,f1_score,0.2421812349639134
1548,193,validate,f1_score,0.3211991434689508
1549,193,validate,accuracy,0.7746979388770433
1550,193,validate,precision,0.8064516129032258
1551,193,validate,recall,0.20053475935828877
1552,194,train,accuracy,0.7599695199390398
1553,194,train,precision,0.7512437810945274
1554,194,train,recall,0.14435946462715105
1555,194,train,f1_score,0.2421812349639134
1556,194,validate,f1_score,0.3211991434689508
1557,194,validate,accuracy,0.7746979388770433
1558,194,validate,precision,0.8064516129032258
1559,194,validate,recall,0.20053475935828877
1560,195,train,accuracy,0.7343154686309372
1561,195,train,precision,0.0
1562,195,train,recall,0.0
1563,195,train,f1_score,0.0
1564,195,validate,f1_score,0.0
1565,195,validate,accuracy,0.7341862117981521
1566,195,validate,precision,0.0
1567,195,validate,recall,0.0
1568,196,train,accuracy,0.7599695199390398
1569,196,train,precision,0.7512437810945274
1570,196,train,recall,0.14435946462715105
1571,196,train,f1_score,0.2421812349639134
1572,196,validate,f1_score,0.3211991434689508
1573,196,validate,accuracy,0.7746979388770433
1574,196,validate,precision,0.8064516129032258
1575,196,validate,recall,0.20053475935828877
1576,197,train,accuracy,0.7627635255270511
1577,197,train,precision,0.7641509433962265
1578,197,train,recall,0.15487571701720843
1579,197,train,f1_score,0.2575516693163752
1580,197,validate,f1_score,0.33826638477801263
1581,197,validate,accuracy,0.7775408670931059
1582,197,validate,precision,0.8080808080808081
1583,197,validate,recall,0.21390374331550802
1584,198,train,accuracy,0.7627635255270511
1585,198,train,precision,0.7641509433962265
1586,198,train,recall,0.15487571701720843
1587,198,train,f1_score,0.2575516693163752
1588,198,validate,f1_score,0.33826638477801263
1589,198,validate,accuracy,0.7775408670931059
1590,198,validate,precision,0.8080808080808081
1591,198,validate,recall,0.21390374331550802
1592,199,train,accuracy,0.7627635255270511
1593,199,train,precision,0.7641509433962265
1594,199,train,recall,0.15487571701720843
1595,199,train,f1_score,0.2575516693163752
1596,199,validate,f1_score,0.33826638477801263
1597,199,validate,accuracy,0.7775408670931059
1598,199,validate,precision,0.8080808080808081
1599,199,validate,recall,0.21390374331550802
1600,200,train,accuracy,0.7627635255270511
1601,200,train,precision,0.7641509433962265
1602,200,train,recall,0.15487571701720843
1603,200,train,f1_score,0.2575516693163752
1604,200,validate,f1_score,0.33826638477801263
1605,200,validate,accuracy,0.7775408670931059
1606,200,validate,precision,0.8080808080808081
1607,200,validate,recall,0.21390374331550802
1608,201,train,accuracy,0.7627635255270511
1609,201,train,precision,0.7641509433962265
1610,201,train,recall,0.15487571701720843
1611,201,train,f1_score,0.2575516693163752
1612,201,validate,f1_score,0.33826638477801263
1613,201,validate,accuracy,0.7775408670931059
1614,201,validate,precision,0.8080808080808081
1615,201,validate,recall,0.21390374331550802
1616,202,train,accuracy,0.7343154686309372
1617,202,train,precision,0.0
1618,202,train,recall,0.0
1619,202,train,f1_score,0.0
1620,202,validate,f1_score,0.0
1621,202,validate,accuracy,0.7341862117981521
1622,202,validate,precision,0.0
1623,202,validate,recall,0.0
1624,203,train,accuracy,0.7599695199390398
1625,203,train,precision,0.7512437810945274
1626,203,train,recall,0.14435946462715105
1627,203,train,f1_score,0.2421812349639134
1628,203,validate,f1_score,0.3211991434689508
1629,203,validate,accuracy,0.7746979388770433
1630,203,validate,precision,0.8064516129032258
1631,203,validate,recall,0.20053475935828877
1632,204,train,accuracy,0.7627635255270511
1633,204,train,precision,0.7641509433962265
1634,204,train,recall,0.15487571701720843
1635,204,train,f1_score,0.2575516693163752
1636,204,validate,f1_score,0.33826638477801263
1637,204,validate,accuracy,0.7775408670931059
1638,204,validate,precision,0.8080808080808081
1639,204,validate,recall,0.21390374331550802
1640,205,train,accuracy,0.7627635255270511
1641,205,train,precision,0.7641509433962265
1642,205,train,recall,0.15487571701720843
1643,205,train,f1_score,0.2575516693163752
1644,205,validate,f1_score,0.33826638477801263
1645,205,validate,accuracy,0.7775408670931059
1646,205,validate,precision,0.8080808080808081
1647,205,validate,recall,0.21390374331550802
1648,206,train,accuracy,0.7627635255270511
1649,206,train,precision,0.7641509433962265
1650,206,train,recall,0.15487571701720843
1651,206,train,f1_score,0.2575516693163752
1652,206,validate,f1_score,0.33826638477801263
1653,206,validate,accuracy,0.7775408670931059
1654,206,validate,precision,0.8080808080808081
1655,206,validate,recall,0.21390374331550802
1656,207,train,accuracy,0.7627635255270511
1657,207,train,precision,0.7641509433962265
1658,207,train,recall,0.15487571701720843
1659,207,train,f1_score,0.2575516693163752
1660,207,validate,f1_score,0.33826638477801263
1661,207,validate,accuracy,0.7775408670931059
1662,207,validate,precision,0.8080808080808081
1663,207,validate,recall,0.21390374331550802
1664,208,train,accuracy,0.7627635255270511
1665,208,train,precision,0.7641509433962265
1666,208,train,recall,0.15487571701720843
1667,208,train,f1_score,0.2575516693163752
1668,208,validate,f1_score,0.33826638477801263
1669,208,validate,accuracy,0.7775408670931059
1670,208,validate,precision,0.8080808080808081
1671,208,validate,recall,0.21390374331550802
1672,209,train,accuracy,0.7343154686309372
1673,209,train,precision,0.0
1674,209,train,recall,0.0
1675,209,train,f1_score,0.0
1676,209,validate,f1_score,0.0
1677,209,validate,accuracy,0.7341862117981521
1678,209,validate,precision,0.0
1679,209,validate,recall,0.0
1680,210,train,accuracy,0.7599695199390398
1681,210,train,precision,0.7512437810945274
1682,210,train,recall,0.14435946462715105
1683,210,train,f1_score,0.2421812349639134
1684,210,validate,f1_score,0.3211991434689508
1685,210,validate,accuracy,0.7746979388770433
1686,210,validate,precision,0.8064516129032258
1687,210,validate,recall,0.20053475935828877
1688,211,train,accuracy,0.7627635255270511
1689,211,train,precision,0.7641509433962265
1690,211,train,recall,0.15487571701720843
1691,211,train,f1_score,0.2575516693163752
1692,211,validate,f1_score,0.33826638477801263
1693,211,validate,accuracy,0.7775408670931059
1694,211,validate,precision,0.8080808080808081
1695,211,validate,recall,0.21390374331550802
1696,212,train,accuracy,0.7716535433070866
1697,212,train,precision,0.7082152974504249
1698,212,train,recall,0.2390057361376673
1699,212,train,f1_score,0.35739814152966404
1700,212,validate,f1_score,0.41392649903288203
1701,212,validate,accuracy,0.7846481876332623
1702,212,validate,precision,0.7482517482517482
1703,212,validate,recall,0.28609625668449196
1704,213,train,accuracy,0.7762255524511049
1705,213,train,precision,0.6853932584269663
1706,213,train,recall,0.29158699808795413
1707,213,train,f1_score,0.40912139503688805
1708,213,validate,f1_score,0.44846292947558775
1709,213,validate,accuracy,0.783226723525231
1710,213,validate,precision,0.6927374301675978
1711,213,validate,recall,0.3315508021390374
1712,214,train,accuracy,0.7762255524511049
1713,214,train,precision,0.6853932584269663
1714,214,train,recall,0.29158699808795413
1715,214,train,f1_score,0.40912139503688805
1716,214,validate,f1_score,0.44846292947558775
1717,214,validate,accuracy,0.783226723525231
1718,214,validate,precision,0.6927374301675978
1719,214,validate,recall,0.3315508021390374
1720,215,train,accuracy,0.7762255524511049
1721,215,train,precision,0.6853932584269663
1722,215,train,recall,0.29158699808795413
1723,215,train,f1_score,0.40912139503688805
1724,215,validate,f1_score,0.44846292947558775
1725,215,validate,accuracy,0.783226723525231
1726,215,validate,precision,0.6927374301675978
1727,215,validate,recall,0.3315508021390374
1728,216,train,accuracy,0.7343154686309372
1729,216,train,precision,0.0
1730,216,train,recall,0.0
1731,216,train,f1_score,0.0
1732,216,validate,f1_score,0.0
1733,216,validate,accuracy,0.7341862117981521
1734,216,validate,precision,0.0
1735,216,validate,recall,0.0
1736,217,train,accuracy,0.7599695199390398
1737,217,train,precision,0.7512437810945274
1738,217,train,recall,0.14435946462715105
1739,217,train,f1_score,0.2421812349639134
1740,217,validate,f1_score,0.3211991434689508
1741,217,validate,accuracy,0.7746979388770433
1742,217,validate,precision,0.8064516129032258
1743,217,validate,recall,0.20053475935828877
1744,218,train,accuracy,0.7627635255270511
1745,218,train,precision,0.7641509433962265
1746,218,train,recall,0.15487571701720843
1747,218,train,f1_score,0.2575516693163752
1748,218,validate,f1_score,0.33826638477801263
1749,218,validate,accuracy,0.7775408670931059
1750,218,validate,precision,0.8080808080808081
1751,218,validate,recall,0.21390374331550802
1752,219,train,accuracy,0.7741935483870968
1753,219,train,precision,0.6688172043010753
1754,219,train,recall,0.29732313575525815
1755,219,train,f1_score,0.41164791528788885
1756,219,validate,f1_score,0.45357142857142857
1757,219,validate,accuracy,0.7825159914712153
1758,219,validate,precision,0.6827956989247311
1759,219,validate,recall,0.339572192513369
1760,220,train,accuracy,0.7762255524511049
1761,220,train,precision,0.6341463414634146
1762,220,train,recall,0.372848948374761
1763,220,train,f1_score,0.46959662853702594
1764,220,validate,f1_score,0.5008183306055647
1765,220,validate,accuracy,0.783226723525231
1766,220,validate,precision,0.6455696202531646
1767,220,validate,recall,0.4090909090909091
1768,221,train,accuracy,0.7762255524511049
1769,221,train,precision,0.6341463414634146
1770,221,train,recall,0.372848948374761
1771,221,train,f1_score,0.46959662853702594
1772,221,validate,f1_score,0.5008183306055647
1773,221,validate,accuracy,0.783226723525231
1774,221,validate,precision,0.6455696202531646
1775,221,validate,recall,0.4090909090909091
1776,222,train,accuracy,0.7762255524511049
1777,222,train,precision,0.6341463414634146
1778,222,train,recall,0.372848948374761
1779,222,train,f1_score,0.46959662853702594
1780,222,validate,f1_score,0.5008183306055647
1781,222,validate,accuracy,0.783226723525231
1782,222,validate,precision,0.6455696202531646
1783,222,validate,recall,0.4090909090909091
1784,223,train,accuracy,0.7343154686309372
1785,223,train,precision,0.0
1786,223,train,recall,0.0
1787,223,train,f1_score,0.0
1788,223,validate,f1_score,0.0
1789,223,validate,accuracy,0.7341862117981521
1790,223,validate,precision,0.0
1791,223,validate,recall,0.0
1792,224,train,accuracy,0.7599695199390398
1793,224,train,precision,0.7512437810945274
1794,224,train,recall,0.14435946462715105
1795,224,train,f1_score,0.2421812349639134
1796,224,validate,f1_score,0.3211991434689508
1797,224,validate,accuracy,0.7746979388770433
1798,224,validate,precision,0.8064516129032258
1799,224,validate,recall,0.20053475935828877
1800,225,train,accuracy,0.7708915417830836
1801,225,train,precision,0.6945945945945946
1802,225,train,recall,0.245697896749522
1803,225,train,f1_score,0.36299435028248583
1804,225,validate,f1_score,0.42003853564547206
1805,225,validate,accuracy,0.7860696517412935
1806,225,validate,precision,0.7517241379310344
1807,225,validate,recall,0.2914438502673797
1808,226,train,accuracy,0.7876555753111506
1809,226,train,precision,0.6504297994269341
1810,226,train,recall,0.4340344168260038
1811,226,train,f1_score,0.5206422018348624
1812,226,validate,f1_score,0.534375
1813,226,validate,accuracy,0.7882018479033405
1814,226,validate,precision,0.6428571428571429
1815,226,validate,recall,0.4572192513368984
1816,227,train,accuracy,0.7851155702311404
1817,227,train,precision,0.6322751322751323
1818,227,train,recall,0.4569789674952199
1819,227,train,f1_score,0.5305216426193119
1820,227,validate,f1_score,0.549618320610687
1821,227,validate,accuracy,0.7903340440653873
1822,227,validate,precision,0.6405693950177936
1823,227,validate,recall,0.48128342245989303
1824,228,train,accuracy,0.7851155702311404
1825,228,train,precision,0.6322751322751323
1826,228,train,recall,0.4569789674952199
1827,228,train,f1_score,0.5305216426193119
1828,228,validate,f1_score,0.549618320610687
1829,228,validate,accuracy,0.7903340440653873
1830,228,validate,precision,0.6405693950177936
1831,228,validate,recall,0.48128342245989303
1832,229,train,accuracy,0.7851155702311404
1833,229,train,precision,0.6322751322751323
1834,229,train,recall,0.4569789674952199
1835,229,train,f1_score,0.5305216426193119
1836,229,validate,f1_score,0.549618320610687
1837,229,validate,accuracy,0.7903340440653873
1838,229,validate,precision,0.6405693950177936
1839,229,validate,recall,0.48128342245989303
1840,230,train,accuracy,0.7343154686309372
1841,230,train,precision,0.0
1842,230,train,recall,0.0
1843,230,train,f1_score,0.0
1844,230,validate,f1_score,0.0
1845,230,validate,accuracy,0.7341862117981521
1846,230,validate,precision,0.0
1847,230,validate,recall,0.0
1848,231,train,accuracy,0.7599695199390398
1849,231,train,precision,0.7512437810945274
1850,231,train,recall,0.14435946462715105
1851,231,train,f1_score,0.2421812349639134
1852,231,validate,f1_score,0.3211991434689508
1853,231,validate,accuracy,0.7746979388770433
1854,231,validate,precision,0.8064516129032258
1855,231,validate,recall,0.20053475935828877
1856,232,train,accuracy,0.7851155702311404
1857,232,train,precision,0.6706484641638225
1858,232,train,recall,0.375717017208413
1859,232,train,f1_score,0.48161764705882354
1860,232,validate,f1_score,0.5058626465661642
1861,232,validate,accuracy,0.7903340440653873
1862,232,validate,precision,0.6771300448430493
1863,232,validate,recall,0.4037433155080214
1864,233,train,accuracy,0.7876555753111506
1865,233,train,precision,0.6209677419354839
1866,233,train,recall,0.5152963671128107
1867,233,train,f1_score,0.5632183908045977
1868,233,validate,f1_score,0.5730659025787965
1869,233,validate,accuracy,0.7882018479033405
1870,233,validate,precision,0.6172839506172839
1871,233,validate,recall,0.5347593582887701
1872,234,train,accuracy,0.7876555753111506
1873,234,train,precision,0.6209677419354839
1874,234,train,recall,0.5152963671128107
1875,234,train,f1_score,0.5632183908045977
1876,234,validate,f1_score,0.5730659025787965
1877,234,validate,accuracy,0.7882018479033405
1878,234,validate,precision,0.6172839506172839
1879,234,validate,recall,0.5347593582887701
1880,235,train,accuracy,0.7876555753111506
1881,235,train,precision,0.6209677419354839
1882,235,train,recall,0.5152963671128107
1883,235,train,f1_score,0.5632183908045977
1884,235,validate,f1_score,0.5730659025787965
1885,235,validate,accuracy,0.7882018479033405
1886,235,validate,precision,0.6172839506172839
1887,235,validate,recall,0.5347593582887701
1888,236,train,accuracy,0.7876555753111506
1889,236,train,precision,0.6209677419354839
1890,236,train,recall,0.5152963671128107
1891,236,train,f1_score,0.5632183908045977
1892,236,validate,f1_score,0.5730659025787965
1893,236,validate,accuracy,0.7882018479033405
1894,236,validate,precision,0.6172839506172839
1895,236,validate,recall,0.5347593582887701
1896,237,train,accuracy,0.7343154686309372
1897,237,train,precision,0.0
1898,237,train,recall,0.0
1899,237,train,f1_score,0.0
1900,237,validate,f1_score,0.0
1901,237,validate,accuracy,0.7341862117981521
1902,237,validate,precision,0.0
1903,237,validate,recall,0.0
1904,238,train,accuracy,0.7599695199390398
1905,238,train,precision,0.7512437810945274
1906,238,train,recall,0.14435946462715105
1907,238,train,f1_score,0.2421812349639134
1908,238,validate,f1_score,0.3211991434689508
1909,238,validate,accuracy,0.7746979388770433
1910,238,validate,precision,0.8064516129032258
1911,238,validate,recall,0.20053475935828877
1912,239,train,accuracy,0.7843535687071375
1913,239,train,precision,0.6633499170812603
1914,239,train,recall,0.3824091778202677
1915,239,train,f1_score,0.4851425106124924
1916,239,validate,f1_score,0.5108514190317196
1917,239,validate,accuracy,0.7917555081734187
1918,239,validate,precision,0.68
1919,239,validate,recall,0.4090909090909091
1920,240,train,accuracy,0.7876555753111506
1921,240,train,precision,0.6209677419354839
1922,240,train,recall,0.5152963671128107
1923,240,train,f1_score,0.5632183908045977
1924,240,validate,f1_score,0.5730659025787965
1925,240,validate,accuracy,0.7882018479033405
1926,240,validate,precision,0.6172839506172839
1927,240,validate,recall,0.5347593582887701
1928,241,train,accuracy,0.7876555753111506
1929,241,train,precision,0.6209677419354839
1930,241,train,recall,0.5152963671128107
1931,241,train,f1_score,0.5632183908045977
1932,241,validate,f1_score,0.5730659025787965
1933,241,validate,accuracy,0.7882018479033405
1934,241,validate,precision,0.6172839506172839
1935,241,validate,recall,0.5347593582887701
1936,242,train,accuracy,0.7876555753111506
1937,242,train,precision,0.6209677419354839
1938,242,train,recall,0.5152963671128107
1939,242,train,f1_score,0.5632183908045977
1940,242,validate,f1_score,0.5730659025787965
1941,242,validate,accuracy,0.7882018479033405
1942,242,validate,precision,0.6172839506172839
1943,242,validate,recall,0.5347593582887701
1944,243,train,accuracy,0.7876555753111506
1945,243,train,precision,0.6209677419354839
1946,243,train,recall,0.5152963671128107
1947,243,train,f1_score,0.5632183908045977
1948,243,validate,f1_score,0.5730659025787965
1949,243,validate,accuracy,0.7882018479033405
1950,243,validate,precision,0.6172839506172839
1951,243,validate,recall,0.5347593582887701
1952,244,train,accuracy,0.7343154686309372
1953,244,train,precision,0.0
1954,244,train,recall,0.0
1955,244,train,f1_score,0.0
1956,244,validate,f1_score,0.0
1957,244,validate,accuracy,0.7341862117981521
1958,244,validate,precision,0.0
1959,244,validate,recall,0.0
1960,245,train,accuracy,0.7599695199390398
1961,245,train,precision,0.7512437810945274
1962,245,train,recall,0.14435946462715105
1963,245,train,f1_score,0.2421812349639134
1964,245,validate,f1_score,0.3211991434689508
1965,245,validate,accuracy,0.7746979388770433
1966,245,validate,precision,0.8064516129032258
1967,245,validate,recall,0.20053475935828877
1968,246,train,accuracy,0.7843535687071375
1969,246,train,precision,0.6633499170812603
1970,246,train,recall,0.3824091778202677
1971,246,train,f1_score,0.4851425106124924
1972,246,validate,f1_score,0.5108514190317196
1973,246,validate,accuracy,0.7917555081734187
1974,246,validate,precision,0.68
1975,246,validate,recall,0.4090909090909091
1976,247,train,accuracy,0.7876555753111506
1977,247,train,precision,0.6504297994269341
1978,247,train,recall,0.4340344168260038
1979,247,train,f1_score,0.5206422018348624
1980,247,validate,f1_score,0.534375
1981,247,validate,accuracy,0.7882018479033405
1982,247,validate,precision,0.6428571428571429
1983,247,validate,recall,0.4572192513368984
1984,248,train,accuracy,0.7876555753111506
1985,248,train,precision,0.6209677419354839
1986,248,train,recall,0.5152963671128107
1987,248,train,f1_score,0.5632183908045977
1988,248,validate,f1_score,0.5730659025787965
1989,248,validate,accuracy,0.7882018479033405
1990,248,validate,precision,0.6172839506172839
1991,248,validate,recall,0.5347593582887701
1992,249,train,accuracy,0.7876555753111506
1993,249,train,precision,0.6209677419354839
1994,249,train,recall,0.5152963671128107
1995,249,train,f1_score,0.5632183908045977
1996,249,validate,f1_score,0.5730659025787965
1997,249,validate,accuracy,0.7882018479033405
1998,249,validate,precision,0.6172839506172839
1999,249,validate,recall,0.5347593582887701
2000,250,train,accuracy,0.7876555753111506
2001,250,train,precision,0.6209677419354839
2002,250,train,recall,0.5152963671128107
2003,250,train,f1_score,0.5632183908045977
2004,250,validate,f1_score,0.5730659025787965
2005,250,validate,accuracy,0.7882018479033405
2006,250,validate,precision,0.6172839506172839
2007,250,validate,recall,0.5347593582887701
2008,251,train,accuracy,0.7343154686309372
2009,251,train,precision,0.0
2010,251,train,recall,0.0
2011,251,train,f1_score,0.0
2012,251,validate,f1_score,0.0
2013,251,validate,accuracy,0.7341862117981521
2014,251,validate,precision,0.0
2015,251,validate,recall,0.0
2016,252,train,accuracy,0.7599695199390398
2017,252,train,precision,0.7512437810945274
2018,252,train,recall,0.14435946462715105
2019,252,train,f1_score,0.2421812349639134
2020,252,validate,f1_score,0.3211991434689508
2021,252,validate,accuracy,0.7746979388770433
2022,252,validate,precision,0.8064516129032258
2023,252,validate,recall,0.20053475935828877
2024,253,train,accuracy,0.7843535687071375
2025,253,train,precision,0.6633499170812603
2026,253,train,recall,0.3824091778202677
2027,253,train,f1_score,0.4851425106124924
2028,253,validate,f1_score,0.5108514190317196
2029,253,validate,accuracy,0.7917555081734187
2030,253,validate,precision,0.68
2031,253,validate,recall,0.4090909090909091
2032,254,train,accuracy,0.7876555753111506
2033,254,train,precision,0.6504297994269341
2034,254,train,recall,0.4340344168260038
2035,254,train,f1_score,0.5206422018348624
2036,254,validate,f1_score,0.534375
2037,254,validate,accuracy,0.7882018479033405
2038,254,validate,precision,0.6428571428571429
2039,254,validate,recall,0.4572192513368984
2040,255,train,accuracy,0.7876555753111506
2041,255,train,precision,0.6209677419354839
2042,255,train,recall,0.5152963671128107
2043,255,train,f1_score,0.5632183908045977
2044,255,validate,f1_score,0.5730659025787965
2045,255,validate,accuracy,0.7882018479033405
2046,255,validate,precision,0.6172839506172839
2047,255,validate,recall,0.5347593582887701
2048,256,train,accuracy,0.7876555753111506
2049,256,train,precision,0.6209677419354839
2050,256,train,recall,0.5152963671128107
2051,256,train,f1_score,0.5632183908045977
2052,256,validate,f1_score,0.5730659025787965
2053,256,validate,accuracy,0.7882018479033405
2054,256,validate,precision,0.6172839506172839
2055,256,validate,recall,0.5347593582887701
2056,257,train,accuracy,0.7876555753111506
2057,257,train,precision,0.6209677419354839
2058,257,train,recall,0.5152963671128107
2059,257,train,f1_score,0.5632183908045977
2060,257,validate,f1_score,0.5730659025787965
2061,257,validate,accuracy,0.7882018479033405
2062,257,validate,precision,0.6172839506172839
2063,257,validate,recall,0.5347593582887701
2064,258,train,accuracy,0.7343154686309372
2065,258,train,precision,0.0
2066,258,train,recall,0.0
2067,258,train,f1_score,0.0
2068,258,validate,f1_score,0.0
2069,258,validate,accuracy,0.7341862117981521
2070,258,validate,precision,0.0
2071,258,validate,recall,0.0
2072,259,train,accuracy,0.7599695199390398
2073,259,train,precision,0.7512437810945274
2074,259,train,recall,0.14435946462715105
2075,259,train,f1_score,0.2421812349639134
2076,259,validate,f1_score,0.3211991434689508
2077,259,validate,accuracy,0.7746979388770433
2078,259,validate,precision,0.8064516129032258
2079,259,validate,recall,0.20053475935828877
2080,260,train,accuracy,0.7843535687071375
2081,260,train,precision,0.6633499170812603
2082,260,train,recall,0.3824091778202677
2083,260,train,f1_score,0.4851425106124924
2084,260,validate,f1_score,0.5108514190317196
2085,260,validate,accuracy,0.7917555081734187
2086,260,validate,precision,0.68
2087,260,validate,recall,0.4090909090909091
2088,261,train,accuracy,0.7876555753111506
2089,261,train,precision,0.6504297994269341
2090,261,train,recall,0.4340344168260038
2091,261,train,f1_score,0.5206422018348624
2092,261,validate,f1_score,0.534375
2093,261,validate,accuracy,0.7882018479033405
2094,261,validate,precision,0.6428571428571429
2095,261,validate,recall,0.4572192513368984
2096,262,train,accuracy,0.7876555753111506
2097,262,train,precision,0.6209677419354839
2098,262,train,recall,0.5152963671128107
2099,262,train,f1_score,0.5632183908045977
2100,262,validate,f1_score,0.5730659025787965
2101,262,validate,accuracy,0.7882018479033405
2102,262,validate,precision,0.6172839506172839
2103,262,validate,recall,0.5347593582887701
2104,263,train,accuracy,0.7876555753111506
2105,263,train,precision,0.6209677419354839
2106,263,train,recall,0.5152963671128107
2107,263,train,f1_score,0.5632183908045977
2108,263,validate,f1_score,0.5730659025787965
2109,263,validate,accuracy,0.7882018479033405
2110,263,validate,precision,0.6172839506172839
2111,263,validate,recall,0.5347593582887701
