,customer_id,churn_probability,churn_prediction
3311,4716-MRVEN,0.018957345971563982,0
6330,8966-KZXXA,0.0196078431372549,0
6156,8720-RQSBJ,0.5838150289017341,1
5313,7504-UWHNB,0.5454545454545454,1
1176,1730-VFMWO,0.13934426229508196,0
3761,5297-MDOIR,0.10185185185185185,0
882,1273-MTETI,0.9285714285714286,1
3420,4847-QNOKA,0.5838150289017341,1
1421,2091-MJTFX,0.13934426229508196,0
73,0118-JPNOY,0.4125,0
2356,3374-LXDEV,0.40425531914893614,0
1151,1697-BCSHV,0.09523809523809523,0
2140,3070-FNFZQ,0.0027100271002710027,0
5372,7586-ZATGZ,0.5454545454545454,1
5530,7786-WBJYI,0.8947368421052632,1
6586,9362-MWODR,0.13934426229508196,0
1646,2391-IPLOP,0.07017543859649122,0
4729,6656-JWRQX,0.27586206896551724,0
1110,1623-NLDOT,0.12408759124087591,0
6296,8908-NMQTX,0.0027100271002710027,0
1914,2789-HQBOU,0.8009950248756219,1
4462,6289-CPNLD,0.07017543859649122,0
4304,6064-ZATLR,0.0,0
3740,5269-NRGDP,0.07017543859649122,0
983,1428-GTBJJ,0.6504065040650406,1
6006,8474-UMLNT,0.09523809523809523,0
6902,9799-CAYJJ,0.8009950248756219,1
5191,7302-ZHMHP,0.27586206896551724,0
3413,4835-YSJMR,0.0,0
6700,9514-JDSKI,0.5838150289017341,1
2701,3842-IYKUE,0.2727272727272727,0
6929,9830-ECLEN,0.12408759124087591,0
1859,2696-ECXKC,0.10714285714285714,0
5024,7061-OVMIM,0.04938271604938271,0
4439,6258-NGCNG,0.06535947712418301,0
1855,2692-AQCPF,0.10185185185185185,0
5656,7973-DZRKH,0.12,0
5922,8337-MSSXB,0.5454545454545454,1
4892,6893-ODYYE,0.10185185185185185,0
3510,4976-LNFVV,0.5,0
6977,9903-LYSAB,0.5454545454545454,1
3889,5469-NUJUR,0.0027100271002710027,0
2653,3768-VHXQO,0.0196078431372549,0
4190,5918-VUKWP,0.04938271604938271,0
5244,7394-LWLYN,0.8009950248756219,1
4415,6227-FBDXH,0.10185185185185185,0
1766,2581-VKIRT,0.12408759124087591,0
4281,6030-REHUX,0.40425531914893614,0
788,1150-FTQGN,0.25925925925925924,0
671,0980-FEXWF,0.07017543859649122,0
5708,8042-JVNFH,0.6764705882352942,1
4496,6341-JVQGF,0.018957345971563982,0
5533,7789-HKSBS,0.10185185185185185,0
1940,2815-CPTUL,0.6764705882352942,1
4927,6933-FHBZC,0.12408759124087591,0
5461,7684-XSZIY,0.0027100271002710027,0
3568,5056-FIMPT,0.25925925925925924,0
840,1222-KJNZD,0.06535947712418301,0
5266,7422-WNBTY,0.5454545454545454,1
4715,6646-JPPHA,0.5454545454545454,1
5611,7901-TBKJX,0.5454545454545454,1
95,0164-APGRB,0.047619047619047616,0
4876,6870-ECSHE,0.018957345971563982,0
2578,3683-QKIUE,0.27586206896551724,0
1722,2511-ALLCS,0.0027100271002710027,0
3543,5022-JNQEQ,0.40425531914893614,0
5894,8292-ITGYJ,0.0027100271002710027,0
6522,9253-VIFJQ,0.12408759124087591,0
451,0661-XEYAN,0.5838150289017341,1
6898,9796-BPKIW,0.55,1
4547,6408-WHTEF,0.0027100271002710027,0
6771,9617-INGJY,0.6764705882352942,1
4249,5989-PGKJB,0.5454545454545454,1
6807,9661-JALZV,0.0196078431372549,0
169,0270-THENM,0.0027100271002710027,0
6332,8966-SNIZF,0.0027100271002710027,0
4519,6368-TZZDT,0.0196078431372549,0
3063,4385-GZQXV,0.40425531914893614,0
3880,5453-AXEPF,0.4125,0
6869,9761-XUJWD,0.4666666666666667,0
4720,6650-BWFRT,0.047619047619047616,0
6283,8885-QSQBX,0.42424242424242425,0
4326,6103-BOCOU,0.5454545454545454,1
2421,3466-RITXD,0.4125,0
2506,3583-KRKMD,0.40425531914893614,0
4906,6906-MPARY,0.25925925925925924,0
5921,8336-TAVKX,0.0027100271002710027,0
1877,2722-VOJQL,0.25925925925925924,0
4780,6727-IOTLZ,0.0027100271002710027,0
4125,5834-ASPWA,0.8009950248756219,1
1104,1612-EOHDH,0.5838150289017341,1
3233,4631-OACRM,0.5454545454545454,1
6877,9770-KXGQU,0.10185185185185185,0
3518,4988-IQIGL,0.8009950248756219,1
2994,4290-BSXUX,0.8947368421052632,1
3581,5073-WXOYN,0.09523809523809523,0
4558,6425-JWTDV,0.0027100271002710027,0
4181,5913-INRQV,0.10714285714285714,0
5345,7551-DACSP,0.5838150289017341,1
7040,9992-UJOEL,0.5838150289017341,1
4266,6007-TCTST,0.047619047619047616,0
3669,5176-LMJXE,0.0027100271002710027,0
1957,2834-JKOOW,0.0,0
5515,7766-CLTIC,0.3333333333333333,0
6847,9728-FTTVZ,0.8009950248756219,1
4483,6328-ZPBGN,0.6504065040650406,1
283,0420-BWTPW,0.3333333333333333,0
5772,8118-TJAFG,0.40425531914893614,0
2802,3985-HOYPM,0.018957345971563982,0
146,0239-OXEXL,0.4125,0
3338,4753-PADAS,0.10185185185185185,0
2559,3658-KIBGF,0.42424242424242425,0
6656,9470-XCCEM,0.4125,0
4074,5753-QQWPW,0.12408759124087591,0
3049,4365-MSDYN,0.06535947712418301,0
4140,5850-BDWCY,0.27586206896551724,0
5560,7826-VVKWT,0.19298245614035087,0
2582,3692-JHONH,0.2222222222222222,0
3943,5550-VFRLC,0.8009950248756219,1
30,0048-LUMLS,0.10714285714285714,0
186,0302-JOIVN,0.6504065040650406,1
5759,8099-MZPUJ,0.047619047619047616,0
1727,2519-ERQOJ,0.13934426229508196,0
6532,9274-UARKJ,0.4125,0
2886,4115-BNPJY,0.0027100271002710027,0
1209,1779-PWPMG,0.047619047619047616,0
3158,4529-CKBCL,0.8009950248756219,1
6681,9497-QCMMS,0.8009950248756219,1
6393,9057-SIHCH,0.8009950248756219,1
4360,6145-NNPNO,0.5838150289017341,1
3976,5600-PDUJF,0.15,0
4450,6270-OMFIW,0.15789473684210525,0
2316,3316-UWXUY,0.17073170731707318,0
5203,7321-KKSDU,0.0027100271002710027,0
6273,8878-HMWBV,0.5838150289017341,1
1850,2684-EIWEO,0.4125,0
3169,4547-FZJWE,0.018957345971563982,0
3335,4750-UKWJK,0.018957345971563982,0
1280,1902-XBTFB,0.5454545454545454,1
3786,5324-KTGCG,0.018957345971563982,0
6152,8714-EUHJO,0.5454545454545454,1
1020,1472-TNCWL,0.5454545454545454,1
2761,3932-CMDTD,0.4583333333333333,0
4062,5727-MYATE,0.0196078431372549,0
4267,6008-NAIXK,0.12408759124087591,0
6692,9506-UXUSK,0.5454545454545454,1
706,1042-HFUCW,0.12408759124087591,0
2967,4237-CLSMM,0.27586206896551724,0
3203,4588-YBNIB,0.27586206896551724,0
642,0940-OUQEC,0.6504065040650406,1
6423,9095-HFAFX,0.6764705882352942,1
967,1400-MMYXY,0.9285714285714286,1
2809,3999-QGRJH,0.6504065040650406,1
5103,7169-YWAMK,0.05660377358490566,0
5561,7831-QGOXH,0.5454545454545454,1
6635,9432-RUVSL,0.12,0
812,1184-PJVDB,0.6504065040650406,1
5334,7534-BFESC,0.5454545454545454,1
4570,6439-PKTRR,0.0027100271002710027,0
5901,8309-PPCED,0.19298245614035087,0
4898,6898-RBTLU,0.0,0
6823,9692-TUSXH,0.5454545454545454,1
4257,5996-EBTKM,0.0027100271002710027,0
2628,3737-XBQDD,0.4125,0
7008,9943-VSZUV,0.4125,0
4838,6818-DJXAA,0.40425531914893614,0
5336,7537-RBWEA,0.5838150289017341,1
6529,9269-CQOOL,0.375,0
6174,8740-CRYFY,0.8009950248756219,1
6388,9053-EJUNL,0.5454545454545454,1
7031,9974-JFBHQ,0.2727272727272727,0
2710,3858-XHYJO,0.10185185185185185,0
3656,5168-MQQCA,0.10185185185185185,0
5729,8065-BVEPF,0.4125,0
129,0221-WMXNQ,0.35,0
1747,2545-LXYVJ,0.0027100271002710027,0
682,1009-IRMNA,0.06535947712418301,0
96,0164-XAIRP,0.0027100271002710027,0
293,0431-APWVY,0.10714285714285714,0
5214,7337-CINUD,0.0027100271002710027,0
1568,2277-DJJDL,0.40425531914893614,0
4916,6918-UMQCG,0.8009950248756219,1
6353,8992-VONJD,0.09523809523809523,0
4532,6384-VMJHP,0.0196078431372549,0
957,1389-WNUIB,0.04938271604938271,0
819,1196-AMORA,0.6504065040650406,1
6514,9242-TKFSV,0.0196078431372549,0
1583,2307-FYNNL,0.12,0
1282,1905-OEILC,0.27586206896551724,0
3400,4826-DXMUP,0.07017543859649122,0
5649,7964-ZRKKG,0.25925925925925924,0
6705,9522-ZSINC,0.018957345971563982,0
5905,8313-NDOIA,0.5454545454545454,1
5715,8050-DVOJX,0.0196078431372549,0
4984,7010-BRBUU,0.0196078431372549,0
1319,1963-SVUCV,0.5838150289017341,1
6306,8920-NAVAY,0.10185185185185185,0
267,0396-YCHWO,0.5454545454545454,1
1333,1984-FCOWB,0.4583333333333333,0
4472,6305-YLBMM,0.10185185185185185,0
6925,9824-QCJPK,0.018957345971563982,0
908,1322-AGOQM,0.09523809523809523,0
2262,3230-WYKIR,0.4,0
6960,9873-MNDKV,0.3333333333333333,0
6952,9862-KJTYK,0.13934426229508196,0
279,0411-EZJZE,0.5838150289017341,1
2068,2977-CEBSX,0.0196078431372549,0
5070,7129-CAKJW,0.4125,0
248,0376-YMCJC,0.40425531914893614,0
5798,8165-CBKXO,0.047619047619047616,0
306,0454-OKRCT,0.0,0
940,1360-JYXKQ,0.4583333333333333,0
2127,3057-VJJQE,0.0,0
4638,6543-XRMYR,0.5454545454545454,1
6990,9921-EZKBY,0.4125,0
1932,2808-CHTDM,0.0027100271002710027,0
506,0742-LAFQK,0.0,0
5042,7089-RKVSZ,0.018957345971563982,0
5256,7404-JLKQG,0.5838150289017341,1
2461,3522-CDKHF,0.4125,0
6048,8566-YPRGL,0.27586206896551724,0
2337,3346-BRMIS,0.2894736842105263,0
1572,2284-VFLKH,0.10185185185185185,0
6204,8777-MBMTS,0.047619047619047616,0
2995,4291-HPAXL,0.27586206896551724,0
2111,3030-YDNRM,0.6504065040650406,1
362,0531-ZZJWQ,0.5454545454545454,1
3240,4636-OLWOE,0.12408759124087591,0
4224,5960-MVTUK,0.27586206896551724,0
1091,1589-AGTLK,0.5838150289017341,1
1258,1862-QRWPE,0.0027100271002710027,0
2540,3638-VBZTA,0.05660377358490566,0
5174,7277-KAMWT,0.0196078431372549,0
6935,9838-BFCQT,0.0027100271002710027,0
3526,5002-GCQFH,0.4125,0
1842,2675-OTVVJ,0.5454545454545454,1
2907,4139-DETXS,0.0027100271002710027,0
6472,9167-APMXZ,0.4125,0
3985,5619-PTMIK,0.13934426229508196,0
3064,4385-ZKVNW,0.09523809523809523,0
4335,6119-SPUDB,0.0027100271002710027,0
479,0699-NDKJM,0.06535947712418301,0
588,0867-LDTTC,0.27586206896551724,0
5037,7080-TNUWP,0.10185185185185185,0
6308,8922-NPKBJ,0.0027100271002710027,0
2770,3945-GFWQL,0.3333333333333333,0
2866,4083-EUGRJ,0.06535947712418301,0
6022,8513-OLYGY,0.047619047619047616,0
3635,5146-YYFRZ,0.0027100271002710027,0
2015,2907-ILJBN,0.018957345971563982,0
1097,1597-FZREH,0.27586206896551724,0
5546,7812-FZHPE,0.06535947712418301,0
4917,6919-ELBGL,0.047619047619047616,0
5196,7312-XSBAT,0.42424242424242425,0
1272,1891-QRQSA,0.12,0
3647,5155-AZQPB,0.13934426229508196,0
6378,9039-RBEEE,0.14285714285714285,0
5970,8413-VONUO,0.8009950248756219,1
4542,6402-SSEJG,0.12408759124087591,0
4480,6322-PJJDJ,0.0,0
5650,7966-YOTQW,0.3333333333333333,0
740,1088-CNNKB,0.12408759124087591,0
2695,3831-YCPUO,0.047619047619047616,0
1835,2672-TGEFF,0.5454545454545454,1
228,0354-WYROK,0.40425531914893614,0
1143,1684-FLBGS,0.14285714285714285,0
5437,7654-YWJUF,0.10185185185185185,0
1225,1814-DKOLC,0.27586206896551724,0
1907,2777-PHDEI,0.8009950248756219,1
11,0017-IUDMW,0.047619047619047616,0
2459,3521-MNKLV,0.13934426229508196,0
6687,9501-UKKNL,0.13934426229508196,0
1194,1760-CAZHT,0.06535947712418301,0
6693,9507-EXLTT,0.8947368421052632,1
503,0733-VUNUW,0.13934426229508196,0
2133,3063-QFSZL,0.5838150289017341,1
3488,4940-KHCWD,0.05660377358490566,0
2430,3481-JHUZH,0.5454545454545454,1
5876,8262-COGGB,0.27586206896551724,0
4595,6479-VDGRK,0.0027100271002710027,0
120,0208-BPQEJ,0.06535947712418301,0
2385,3413-CSSTH,0.13934426229508196,0
559,0823-HSCDJ,0.09523809523809523,0
2646,3758-CKOQL,0.10185185185185185,0
1374,2038-OEQZH,0.9285714285714286,1
3626,5136-RGMZO,0.09523809523809523,0
6535,9279-CJEOJ,0.4125,0
159,0259-GBZSH,0.8009950248756219,1
354,0519-XUZJU,0.6764705882352942,1
3006,4302-ZYFEL,0.018957345971563982,0
3598,5103-MHMHY,0.5838150289017341,1
5149,7244-QWYHG,0.04938271604938271,0
1401,2073-QBVBI,0.12408759124087591,0
1884,2732-ISEZX,0.27586206896551724,0
3137,4501-VCPFK,0.13934426229508196,0
5344,7550-WIQVA,0.2222222222222222,0
4501,6347-DCUIK,0.6504065040650406,1
3553,5035-BVCXS,0.6504065040650406,1
927,1346-PJWTK,0.2727272727272727,0
2655,3771-PZOBW,0.4125,0
4952,6972-SNKKW,0.27586206896551724,0
2417,3458-IDMFK,0.0027100271002710027,0
2986,4280-DLSHD,0.06535947712418301,0
4269,6013-BHCAW,0.0027100271002710027,0
1782,2606-PKWJB,0.12408759124087591,0
2138,3070-BDOQC,0.19298245614035087,0
2989,4282-YMKNA,0.6504065040650406,1
2560,3658-QQJYD,0.12408759124087591,0
1637,2379-ENZGV,0.8009950248756219,1
4126,5835-BEQEU,0.8009950248756219,1
1111,1624-NALOJ,0.8009950248756219,1
6329,8963-MQVYN,0.06535947712418301,0
3043,4359-INNWN,0.018957345971563982,0
6229,8808-ELEHO,0.6504065040650406,1
942,1360-XFJMR,0.10185185185185185,0
504,0734-OXWBT,0.27586206896551724,0
6143,8706-HRADD,0.13934426229508196,0
5123,7207-RMRDB,0.5454545454545454,1
4718,6647-ZEDXT,0.10185185185185185,0
5946,8384-FZBJK,0.5454545454545454,1
3143,4510-PYUSH,0.14285714285714285,0
3686,5197-LQXXH,0.0196078431372549,0
1775,2592-YKDIF,0.27586206896551724,0
5288,7469-LKBCI,0.0196078431372549,0
3995,5630-IXDXV,0.5454545454545454,1
4781,6728-CZFEI,0.4,0
2483,3551-HUAZH,0.8009950248756219,1
2556,3655-SNQYZ,0.047619047619047616,0
2173,3106-ULWFW,0.55,1
808,1177-XZBJL,0.12408759124087591,0
5185,7295-JOMMD,0.8947368421052632,1
4135,5846-NEQVZ,0.0196078431372549,0
637,0931-MHTEM,0.25925925925925924,0
415,0617-AQNWT,0.0027100271002710027,0
5534,7794-JASDG,0.42424242424242425,0
6213,8782-LKFPK,0.4125,0
5636,7945-HLKEA,0.018957345971563982,0
6441,9117-SHLZX,0.5838150289017341,1
5083,7139-JZFVG,0.0,0
6112,8652-YHIYU,0.10714285714285714,0
6987,9919-FZDED,0.0,0
6651,9462-MJUAW,0.5838150289017341,1
2835,4030-VPZBD,0.27586206896551724,0
2726,3878-AVSOQ,0.8009950248756219,1
4662,6581-NQCBA,0.2894736842105263,0
6941,9845-PEEKO,0.0,0
6066,8597-CTXVJ,0.12408759124087591,0
3124,4482-EWFMI,0.8009950248756219,1
3972,5597-GLBUC,0.9285714285714286,1
1293,1925-TIBLE,0.6504065040650406,1
3222,4622-YNKIJ,0.12,0
6773,9618-LFJRU,0.15,0
1684,2454-RPBRZ,0.6504065040650406,1
4164,5887-IKKYO,0.19298245614035087,0
6358,8999-EXMNO,0.0027100271002710027,0
2555,3654-ARMGP,0.0196078431372549,0
5291,7471-MQPOS,0.12408759124087591,0
6067,8597-CWYHH,0.10714285714285714,0
2063,2969-VAPYH,0.12408759124087591,0
4451,6275-YDUVO,0.6764705882352942,1
6820,9688-YGXVR,0.4125,0
1701,2479-BRAMR,0.4125,0
629,0925-VYDLG,0.8009950248756219,1
4832,6807-SIWJI,0.15789473684210525,0
3397,4824-GUCBY,0.5454545454545454,1
458,0673-IGUQO,0.27586206896551724,0
5751,8091-TTVAX,0.10185185185185185,0
2478,3546-GHEAE,0.0027100271002710027,0
3349,4776-XSKYQ,0.07017543859649122,0
2092,3001-UNBTL,0.5454545454545454,1
1935,2810-FTLEM,0.2894736842105263,0
5900,8309-IEYJD,0.6764705882352942,1
2751,3913-RDSJZ,0.0027100271002710027,0
5389,7601-GNDYK,0.0027100271002710027,0
4951,6969-MVBAI,0.6504065040650406,1
1547,2257-BOVXD,0.2894736842105263,0
5497,7740-BTPUX,0.19298245614035087,0
6400,9065-ZCPQX,0.0027100271002710027,0
5376,7593-JNWRU,0.5838150289017341,1
2310,3308-MHOOC,0.27586206896551724,0
1496,2205-LPVGL,0.25925925925925924,0
4132,5844-QVTAT,0.12408759124087591,0
5253,7401-RUBNK,0.5454545454545454,1
1564,2275-RBYQS,0.5838150289017341,1
4446,6265-FRMTQ,0.0027100271002710027,0
121,0212-ISBBF,0.09523809523809523,0
3015,4315-MURBD,1.0,1
3590,5089-IFSDP,0.0,0
2389,3419-SNJJD,0.4125,0
6394,9058-CBREO,0.5838150289017341,1
3461,4906-ZHGPK,0.12408759124087591,0
5098,7162-WPHPM,0.0196078431372549,0
1864,2703-AMTUL,0.12408759124087591,0
6460,9140-CZQZZ,0.05660377358490566,0
5016,7049-GKVZY,0.0,0
5640,7951-VRDVK,0.12408759124087591,0
6638,9436-ZBZCT,0.40425531914893614,0
2669,3794-NFNCH,0.13934426229508196,0
4259,5997-OPVFA,0.0027100271002710027,0
2159,3092-IGHWF,0.2222222222222222,0
4218,5954-BDFSG,0.047619047619047616,0
4410,6217-KDYWC,0.0027100271002710027,0
2629,3739-YBWAB,0.018957345971563982,0
5350,7558-IMLMT,0.0027100271002710027,0
2360,3378-AJRAO,0.018957345971563982,0
2977,4255-DDUOU,0.27586206896551724,0
5440,7660-HDPJV,0.8009950248756219,1
2003,2889-FPWRM,0.10185185185185185,0
4540,6400-BWQKW,0.35,0
5317,7508-SMHXL,0.4125,0
2500,3572-UUHRS,0.04938271604938271,0
2779,3956-CJUST,0.4125,0
2117,3043-SUDUA,0.06535947712418301,0
2863,4080-OGPJL,0.3333333333333333,0
3845,5397-TUPSH,0.10714285714285714,0
1162,1707-HABPF,0.10185185185185185,0
6711,9530-GRMJG,0.0027100271002710027,0
2938,4191-XOVOM,0.40425531914893614,0
2806,3992-YWPKO,0.6764705882352942,1
285,0420-TXVSG,0.0,0
4950,6968-URWQU,0.07017543859649122,0
4939,6959-GQEGV,0.13934426229508196,0
5113,7188-CBBBA,0.2222222222222222,0
2450,3509-GWQGF,0.4125,0
5385,7598-UAASY,0.9285714285714286,1
6631,9424-CMPOG,0.0027100271002710027,0
3970,5590-ZSKRV,0.09523809523809523,0
3066,4390-KYULV,0.15,0
6508,9231-ZJYAM,0.8009950248756219,1
5062,7115-IRDHS,0.0027100271002710027,0
5347,7552-KEYGT,0.0027100271002710027,0
2513,3590-TCXTB,0.27586206896551724,0
3305,4710-NKCAW,0.4666666666666667,0
5696,8024-XNAFQ,0.047619047619047616,0
2345,3354-OADJP,0.04938271604938271,0
6867,9755-JHNMN,0.0027100271002710027,0
2142,3071-VBYPO,0.35,0
718,1060-ENTOF,0.10185185185185185,0
5101,7167-PCEYD,0.0027100271002710027,0
4089,5778-BVOFB,0.1,0
3082,4418-LZMSV,0.06535947712418301,0
3836,5387-ASZNZ,0.12408759124087591,0
2679,3803-KMQFW,0.27586206896551724,0
1130,1658-TJVOA,0.35,0
6723,9548-LERKT,0.0027100271002710027,0
1941,2817-LVCPP,0.0196078431372549,0
2979,4257-GAESD,0.375,0
477,0696-UKTOX,0.09523809523809523,0
6609,9391-TTOYH,0.06535947712418301,0
764,1112-CUNAO,0.5454545454545454,1
6433,9108-EJFJP,0.42424242424242425,0
3524,4998-IKFSE,0.5454545454545454,1
4504,6350-XFYGW,0.9285714285714286,1
5822,8197-BFWVU,0.0027100271002710027,0
5001,7028-DVOIQ,0.5454545454545454,1
3925,5522-NYKPB,0.40425531914893614,0
4593,6479-OAUSD,0.018957345971563982,0
670,0979-PHULV,0.4125,0
6164,8734-DKSTZ,0.6504065040650406,1
576,0847-HGRML,0.0027100271002710027,0
2602,3716-LRGXK,0.047619047619047616,0
1276,1897-OKVMW,0.0027100271002710027,0
2061,2968-SSGAA,0.6504065040650406,1
2813,4002-BQWPQ,0.06535947712418301,0
2318,3317-VLGQT,0.5454545454545454,1
1255,1853-UDXBW,0.8009950248756219,1
410,0608-JDVEC,0.0027100271002710027,0
3814,5364-XYIRR,0.5454545454545454,1
2687,3810-PJUHR,0.0027100271002710027,0
5819,8190-ZTQFB,0.07017543859649122,0
5506,7753-USQYQ,0.12408759124087591,0
1876,2722-JMONI,0.42424242424242425,0
4942,6961-MJKBO,0.0027100271002710027,0
5539,7799-LGRDP,0.0196078431372549,0
4279,6029-CSMJE,0.2894736842105263,0
6225,8805-JNRAZ,0.5838150289017341,1
874,1265-ZFOSD,0.0027100271002710027,0
369,0541-FITGH,0.42424242424242425,0
5964,8404-VIOMB,0.0027100271002710027,0
3028,4329-YPDDQ,0.17073170731707318,0
428,0623-IIHUG,0.13934426229508196,0
2714,3865-QBWSJ,0.4125,0
4497,6344-SFJVH,0.13934426229508196,0
5348,7554-AKDQF,0.5838150289017341,1
4905,6906-ANDWJ,0.4125,0
2605,3717-LNXKW,0.4125,0
5879,8263-QMNTJ,0.047619047619047616,0
4577,6458-CYIDZ,0.35,0
3570,5057-RKGLH,0.0027100271002710027,0
3602,5115-SQAAU,0.0027100271002710027,0
3987,5622-UEJFI,0.0196078431372549,0
3790,5329-KRDTM,0.0196078431372549,0
4578,6461-PPAXN,0.04938271604938271,0
3106,4452-QIIEB,0.3333333333333333,0
4839,6818-WOBHJ,0.4125,0
5524,7779-ORAEL,0.0196078431372549,0
4375,6169-PPETC,0.0027100271002710027,0
1968,2848-YXSMW,0.0196078431372549,0
4301,6061-GWWAV,0.12408759124087591,0
124,0218-QNVAS,0.25925925925925924,0
6073,8608-OZTLB,0.12408759124087591,0
6162,8728-SKJLR,0.40425531914893614,0
6290,8901-UPRHR,0.19298245614035087,0
6,0013-SMEOE,0.047619047619047616,0
4625,6519-CFDBX,0.5838150289017341,1
3131,4488-PSYCG,0.06535947712418301,0
4859,6849-OYAMU,0.25925925925925924,0
2762,3932-IJWDZ,0.40425531914893614,0
3623,5135-RDDQL,0.0,0
801,1169-WCVAK,0.17073170731707318,0
507,0742-MOABM,0.27586206896551724,0
3290,4698-KVLLG,0.0196078431372549,0
1133,1661-CZBAU,0.04938271604938271,0
6104,8644-XYTSV,0.13934426229508196,0
2599,3714-NTNFO,0.5454545454545454,1
651,0953-LGOVU,0.09523809523809523,0
315,0464-WJTKO,0.0027100271002710027,0
6064,8593-WHYHV,0.8009950248756219,1
5666,7989-CHGTL,0.27586206896551724,0
5677,7998-ZLXWN,0.14285714285714285,0
3501,4957-TREIR,0.15,0
5307,7501-VTYLJ,0.5838150289017341,1
304,0447-BEMNG,0.13934426229508196,0
436,0637-YLETY,0.4125,0
1699,2476-YGEFM,0.4125,0
4214,5949-HGVJL,0.09523809523809523,0
4206,5939-XAIXZ,0.13934426229508196,0
6944,9847-HNVGP,0.018957345971563982,0
3193,4576-CSAJH,0.12408759124087591,0
3332,4747-LCAQL,0.09523809523809523,0
5380,7595-EHCDL,0.13934426229508196,0
2815,4003-OCTMP,0.018957345971563982,0
5406,7617-EYGLW,0.27586206896551724,0
4573,6447-EGDIV,0.018957345971563982,0
1920,2796-NNUFI,0.0027100271002710027,0
4513,6362-QHAFM,0.4583333333333333,0
4850,6838-HVLXG,0.06535947712418301,0
5833,8205-VSLRB,0.0196078431372549,0
1565,2276-YDAVZ,0.6764705882352942,1
1240,1839-FBNFR,0.0027100271002710027,0
6603,9386-LDCZR,0.10185185185185185,0
2453,3512-IZIKN,0.0196078431372549,0
6814,9675-ICXCT,0.0027100271002710027,0
2094,3003-CMDUU,0.40425531914893614,0
4586,6469-QJKZW,0.27586206896551724,0
2363,3387-VATUS,0.8947368421052632,1
3992,5628-FCGYG,0.5454545454545454,1
3729,5244-IRFIH,0.5454545454545454,1
6420,9092-GDZKO,0.14285714285714285,0
4548,6410-LEFEN,0.3333333333333333,0
6071,8606-CIQUL,0.047619047619047616,0
3329,4742-DRORA,0.10185185185185185,0
5114,7190-XHTWJ,0.018957345971563982,0
6855,9739-JLPQJ,0.047619047619047616,0
4800,6745-JEFZB,0.2727272727272727,0
4205,5939-SXWHM,0.0027100271002710027,0
404,0602-DDUML,0.0027100271002710027,0
2186,3132-TVFDZ,0.13934426229508196,0
6853,9734-YWGEX,0.55,1
4217,5951-AOFIH,0.5,0
23,0030-FNXPP,0.27586206896551724,0
6507,9229-RQABD,0.018957345971563982,0
264,0394-YONDK,0.0196078431372549,0
4620,6513-EECDB,0.8009950248756219,1
2302,3295-YVUSR,0.6764705882352942,1
5992,8450-UYIBU,0.13934426229508196,0
6476,9170-CCKOU,0.4125,0
5874,8260-NGFNY,0.5838150289017341,1
5978,8430-TWCBX,0.018957345971563982,0
3457,4902-OHLSK,0.40425531914893614,0
3949,5562-YJQGT,0.15,0
2202,3156-QLHBO,0.27586206896551724,0
3910,5501-TVMGM,0.5838150289017341,1
6811,9668-PUGNU,0.0027100271002710027,0
3280,4686-GEFRM,0.19298245614035087,0
5463,7690-KPNCU,0.018957345971563982,0
4382,6176-YJWAS,0.0,0
4745,6685-XSHHU,0.0027100271002710027,0
6801,9650-VBUOG,0.0196078431372549,0
6606,9391-DXGGG,0.10185185185185185,0
4234,5975-BAICR,0.018957345971563982,0
5720,8058-DMYRU,0.5454545454545454,1
4270,6015-VVHHE,0.6764705882352942,1
3417,4840-ORQXB,0.5454545454545454,1
1543,2252-NKNSI,0.05660377358490566,0
3633,5144-TVGLP,0.5454545454545454,1
4589,6475-VHUIZ,0.13934426229508196,0
878,1270-XKUCC,0.0027100271002710027,0
5686,8012-SOUDQ,0.5454545454545454,1
4868,6859-RKMZJ,0.1,0
6962,9878-TNQGW,0.8009950248756219,1
2312,3312-ZWLGF,0.40425531914893614,0
4424,6235-VDHOM,0.5838150289017341,1
516,0750-EBAIU,0.2222222222222222,0
5444,7663-YJHSN,0.047619047619047616,0
6465,9150-HEPMB,0.018957345971563982,0
2837,4039-HEUNW,0.5454545454545454,1
2211,3165-HDOEW,0.5838150289017341,1
1017,1469-LBJQJ,0.5454545454545454,1
6026,8519-QJGJD,0.5454545454545454,1
4200,5931-FLJJF,0.6504065040650406,1
4065,5730-RIITO,0.14285714285714285,0
3891,5473-KHBPS,0.10185185185185185,0
1275,1895-QTKDO,0.375,0
2362,3387-PLKUI,0.06535947712418301,0
4021,5669-SRAIP,0.5838150289017341,1
5794,8158-WPEZG,0.09523809523809523,0
618,0906-QVPMS,0.047619047619047616,0
4743,6683-VLCTZ,0.5454545454545454,1
5746,8084-OIVBS,0.018957345971563982,0
6119,8665-UTDHZ,0.5838150289017341,1
3819,5371-VYLSX,0.5454545454545454,1
5802,8167-GJLRN,0.27586206896551724,0
4792,6734-GMPVK,0.9285714285714286,1
6506,9227-YBAXE,0.05660377358490566,0
4075,5756-JYOJT,0.07017543859649122,0
35,0057-QBUQH,0.0027100271002710027,0
5403,7613-LLQFO,0.6504065040650406,1
4323,6100-FJZDG,0.04938271604938271,0
2756,3923-CSIHK,0.5454545454545454,1
3201,4587-NUKOX,0.35,0
2685,3808-HFKDE,0.13934426229508196,0
4038,5696-CEIQJ,0.19298245614035087,0
521,0757-WCUUZ,0.047619047619047616,0
6036,8550-XSXUQ,0.12408759124087591,0
4938,6956-SMUCM,0.35,0
3427,4854-SSLTN,0.05660377358490566,0
1512,2223-GDSHL,0.047619047619047616,0
5881,8266-VBFQL,0.9285714285714286,1
4828,6797-LNAQX,0.0,0
3439,4877-TSOFF,0.12408759124087591,0
773,1125-SNVCK,0.13934426229508196,0
6710,9530-EHPOH,0.3333333333333333,0
3387,4817-VYYWS,0.5454545454545454,1
5487,7722-CVFXN,0.15789473684210525,0
1828,2667-WYLWJ,0.018957345971563982,0
2621,3727-RJMEO,0.8009950248756219,1
316,0468-YRPXN,0.2727272727272727,0
109,0193-ESZXP,0.25925925925925924,0
1402,2074-GKOWZ,0.8947368421052632,1
108,0191-ZHSKZ,0.09523809523809523,0
2588,3703-KBKZP,0.4125,0
2276,3254-YRILK,0.5454545454545454,1
6924,9824-BEMCV,0.5454545454545454,1
2616,3724-UCSHY,0.27586206896551724,0
1448,2138-VFAPZ,0.0027100271002710027,0
3921,5519-TEEUH,0.018957345971563982,0
1435,2115-BFTIW,0.4125,0
1521,2232-DMLXU,0.5838150289017341,1
391,0578-SKVMF,0.5454545454545454,1
1186,1746-TGTWV,0.6764705882352942,1
2373,3398-ZOUAA,0.5454545454545454,1
1323,1965-DDBWU,0.2727272727272727,0
567,0835-JKADZ,0.19298245614035087,0
3013,4312-GVYNH,0.0027100271002710027,0
5653,7969-AULMZ,0.5454545454545454,1
4024,5673-FSSMF,0.5838150289017341,1
619,0907-HQNTS,0.047619047619047616,0
6880,9774-NRNAU,0.06535947712418301,0
2089,2996-XAUVF,0.0,0
3392,4821-WQOYN,0.0196078431372549,0
2892,4119-ZYPZY,0.0,0
5272,7434-SHXLS,0.27586206896551724,0
6794,9643-AVVWI,0.8009950248756219,1
2115,3038-PQIUY,0.06535947712418301,0
6099,8637-XJIVR,0.6504065040650406,1
4510,6357-JJPQT,0.8009950248756219,1
148,0247-SLUJI,0.27586206896551724,0
849,1229-RCALF,0.4583333333333333,0
1036,1498-DQNRX,0.06535947712418301,0
2700,3841-NFECX,0.047619047619047616,0
3315,4719-UMSIY,0.27586206896551724,0
5150,7245-JMTTQ,0.4583333333333333,0
3262,4662-EKDPQ,0.5838150289017341,1
6747,9577-WJVCQ,0.13934426229508196,0
857,1241-FPMOF,0.0027100271002710027,0
6786,9631-XEYKE,0.5838150289017341,1
3674,5181-OABFK,0.0,0
5731,8065-YKXKD,0.6504065040650406,1
6611,9392-XBGTD,0.0027100271002710027,0
2108,3026-ATZYV,0.12408759124087591,0
1192,1755-RMCXH,0.27586206896551724,0
2254,3221-CJMSG,0.13934426229508196,0
3573,5062-CJJKH,0.12408759124087591,0
5413,7623-TRNQN,0.27586206896551724,0
5550,7815-PDTHL,0.0027100271002710027,0
2738,3896-RCYYE,0.13934426229508196,0
3421,4847-TAJYI,0.8009950248756219,1
3583,5075-JSDKI,0.0027100271002710027,0
3538,5018-GWURO,0.4125,0
4003,5649-ANRML,0.6764705882352942,1
1674,2439-QKJUL,0.27586206896551724,0
1263,1866-RZZQS,0.5454545454545454,1
997,1448-CYWKC,0.10185185185185185,0
4899,6899-PPEEA,0.5454545454545454,1
6451,9134-WYRVP,0.10714285714285714,0
5321,7517-LDMPS,0.6504065040650406,1
938,1357-BIJKI,0.15789473684210525,0
4077,5759-RCVCB,0.375,0
2924,4176-RELJR,0.0196078431372549,0
2489,3566-CAAYU,0.0027100271002710027,0
813,1187-WILMM,0.0196078431372549,0
6750,9581-GVBXT,0.018957345971563982,0
6120,8668-KNZTI,0.018957345971563982,0
5281,7450-NWRTR,0.6504065040650406,1
5391,7602-DBTOU,0.0027100271002710027,0
2164,3096-WPXBT,0.10185185185185185,0
6790,9637-EIHEQ,0.27586206896551724,0
4357,6141-OOXUQ,0.27586206896551724,0
1714,2498-XLDZR,0.0027100271002710027,0
384,0567-XRHCU,0.0,0
2709,3858-VOBET,0.5454545454545454,1
1071,1563-IWQEX,0.06535947712418301,0
6049,8570-KLJYJ,0.018957345971563982,0
4324,6100-QQHEB,0.5454545454545454,1
48,0082-LDZUE,0.5838150289017341,1
5460,7683-CBDKJ,0.09523809523809523,0
5232,7363-QTBIW,0.6504065040650406,1
118,0206-TBWLC,0.10185185185185185,0
4692,6617-WLBQC,0.10714285714285714,0
133,0224-RLWWD,0.5838150289017341,1
3173,4549-ZDQYY,0.018957345971563982,0
2970,4238-JSSWH,0.4125,0
17,0021-IKXGC,0.8009950248756219,1
2665,3786-WOVKF,0.25925925925925924,0
1881,2725-TTRIQ,0.0027100271002710027,0
3160,4531-AUZNK,0.10714285714285714,0
5955,8397-MVTAZ,0.5454545454545454,1
1483,2190-BCXEC,0.2727272727272727,0
5997,8461-EFQYM,0.018957345971563982,0
450,0661-WCQNQ,0.018957345971563982,0
3301,4707-MAXGU,0.0196078431372549,0
326,0485-ZBSLN,0.0196078431372549,0
1454,2146-EGVDT,0.0196078431372549,0
4255,5995-WWKKG,0.018957345971563982,0
2080,2987-BJXIK,0.0,0
4494,6340-DACFT,0.0196078431372549,0
1725,2516-VQRRV,0.6764705882352942,1
2764,3934-HXCFZ,0.5454545454545454,1
1241,1839-UMACK,0.018957345971563982,0
5628,7929-DMBCV,0.40425531914893614,0
1622,2361-UPSND,0.12408759124087591,0
6276,8879-ZKJOF,0.04938271604938271,0
1825,2662-NNTDK,0.018957345971563982,0
1944,2821-WARNZ,0.018957345971563982,0
1629,2371-JQHZZ,0.5454545454545454,1
3963,5575-TPIZQ,0.4125,0
6266,8869-LIHMK,0.047619047619047616,0
4103,5802-ADBRC,0.10185185185185185,0
5168,7270-BDIOA,0.40425531914893614,0
1841,2675-IJRGJ,0.0027100271002710027,0
1383,2045-BMBTJ,0.06535947712418301,0
2713,3863-QSTYI,0.13934426229508196,0
2532,3627-FCRDW,0.6504065040650406,1
5535,7795-CFOCW,0.04938271604938271,0
6956,9867-JCZSP,0.018957345971563982,0
5370,7580-UGXNC,0.42424242424242425,0
5568,7845-URHJN,0.06535947712418301,0
791,1154-HYWWO,0.12408759124087591,0
6033,8544-JNBOX,0.0027100271002710027,0
67,0112-QWPNC,0.018957345971563982,0
699,1031-IIDEO,0.8009950248756219,1
5335,7537-CBQUZ,0.4125,0
3917,5515-AKOAJ,0.40425531914893614,0
2107,3023-GFLBR,0.4125,0
5748,8086-OVPWV,0.8009950248756219,1
5108,7180-PISOG,0.8009950248756219,1
3058,4376-KFVRS,0.047619047619047616,0
2179,3120-FAZKD,0.0027100271002710027,0
4338,6121-VZNQB,0.27586206896551724,0
3632,5144-PQCDZ,0.27586206896551724,0
4652,6563-VRERX,0.018957345971563982,0
4084,5766-ZJYBB,0.27586206896551724,0
1854,2691-NZETQ,0.6504065040650406,1
6255,8851-RAGOV,0.09523809523809523,0
3122,4480-MBMLB,0.10185185185185185,0
5126,7216-EWTRS,0.9285714285714286,1
3266,4670-TABXH,0.047619047619047616,0
487,0709-TVGUR,0.6504065040650406,1
143,0236-HFWSV,0.5454545454545454,1
4725,6653-CBBOM,0.8009950248756219,1
5545,7811-JIVPF,0.13934426229508196,0
4851,6838-YAUVY,0.19298245614035087,0
4954,6976-BWGLQ,0.0027100271002710027,0
748,1093-YSWCA,0.0196078431372549,0
5466,7693-LCKZL,0.8009950248756219,1
2145,3078-ZKNTS,0.0027100271002710027,0
6405,9068-VPWQQ,0.0196078431372549,0
6510,9236-NDUCW,0.05660377358490566,0
1515,2226-ICFDO,0.0196078431372549,0
6265,8868-WOZGU,0.5454545454545454,1
2601,3716-BDVDB,0.8009950248756219,1
4798,6741-QRLUP,0.0196078431372549,0
6981,9909-DFRJA,0.10185185185185185,0
6622,9411-TPQQV,0.04938271604938271,0
5061,7114-AEOZE,0.0027100271002710027,0
6437,9114-AAFQH,0.12408759124087591,0
2545,3642-BYHDO,0.0027100271002710027,0
4144,5857-XRECV,0.04938271604938271,0
2625,3733-ZEECP,0.13934426229508196,0
6910,9805-FILKB,0.04938271604938271,0
6346,8985-OOPOS,0.07017543859649122,0
3557,5043-TRZWM,0.9285714285714286,1
3996,5639-NTUPK,0.2894736842105263,0
448,0661-KBKPA,0.07017543859649122,0
397,0585-EGDDA,0.5454545454545454,1
1838,2674-MIAHT,0.6764705882352942,1
3391,4821-SJHJV,0.5454545454545454,1
6712,9531-NSBMR,0.04938271604938271,0
5969,8410-BGQXN,0.27586206896551724,0
1902,2770-NSVDG,0.13934426229508196,0
2663,3785-KTYSH,0.0027100271002710027,0
980,1422-DGUBX,0.15789473684210525,0
4433,6250-CGGUN,0.4583333333333333,0
1713,2495-TTHBQ,0.018957345971563982,0
6778,9624-EGDEQ,0.0027100271002710027,0
5416,7629-WFGLW,0.4583333333333333,0
921,1337-BOZWO,0.0,0
3159,4530-NDRKU,0.018957345971563982,0
6950,9860-LISIZ,0.06535947712418301,0
2403,3440-JPSCL,0.6764705882352942,1
1840,2675-DHUTR,0.5454545454545454,1
5683,8008-HAWED,0.2894736842105263,0
1199,1766-GKNMI,0.5454545454545454,1
6791,9638-JIQYA,0.375,0
2987,4282-ACRXS,0.13934426229508196,0
2849,4065-JJAVA,0.5838150289017341,1
5160,7253-UVNDW,0.0196078431372549,0
6953,9863-JZAIC,0.13934426229508196,0
1074,1565-RHDJD,0.8947368421052632,1
3449,4890-VMUAV,0.12408759124087591,0
5641,7952-OBOYL,0.6764705882352942,1
2470,3536-IQCTX,0.5454545454545454,1
1812,2642-MAWLJ,0.0027100271002710027,0
2909,4139-SUGLD,0.13934426229508196,0
6221,8799-OXZMD,0.13934426229508196,0
3628,5140-FOMCQ,0.10185185185185185,0
4231,5968-XQIVE,0.15789473684210525,0
2615,3724-BSCVH,0.018957345971563982,0
6417,9089-UOWJG,0.3333333333333333,0
3086,4423-YLHDV,0.4125,0
6753,9586-JGQKH,0.0,0
3651,5160-UXJED,0.4,0
683,1010-DIAUQ,0.8947368421052632,1
3310,4716-HHKQH,0.40425531914893614,0
5265,7421-ZLUPA,0.09523809523809523,0
6455,9137-NOQKA,0.27586206896551724,0
2843,4057-FKCZK,0.0,0
4774,6719-OXYBR,0.5454545454545454,1
6628,9418-RUKPH,0.0027100271002710027,0
1041,1508-DFXCU,0.6504065040650406,1
6583,9360-AHGNL,0.10185185185185185,0
3968,5590-BYNII,0.5454545454545454,1
7015,9953-ZMKSM,0.0027100271002710027,0
5765,8107-RZLNV,0.19298245614035087,0
393,0581-BXBUB,0.8009950248756219,1
3459,4903-UYAVB,0.27586206896551724,0
2471,3537-HPKQT,0.4125,0
963,1396-QWFBJ,0.4125,0
510,0743-HRVFF,0.07017543859649122,0
4178,5906-DVAPM,0.12408759124087591,0
4526,6376-GAHQE,0.8009950248756219,1
1982,2867-UIMSS,0.8009950248756219,1
62,0106-UGRDO,0.047619047619047616,0
2988,4282-MSACW,0.10185185185185185,0
643,0942-KOWSM,0.0027100271002710027,0
3282,4690-LLKUA,0.2894736842105263,0
4749,6689-TCZHQ,0.8009950248756219,1
6470,9158-VCTQB,0.17073170731707318,0
5128,7217-JYHOQ,0.14285714285714285,0
3395,4822-RVYBB,0.6504065040650406,1
6000,8466-PZBLH,0.12,0
2201,3154-HMWUU,0.0027100271002710027,0
4865,6857-TKDJV,0.0027100271002710027,0
4467,6298-QDFNH,0.5454545454545454,1
3709,5219-YIPTK,0.5454545454545454,1
4802,6749-UTDVX,0.19298245614035087,0
3796,5338-YHWYT,0.05660377358490566,0
201,0318-QUUOB,0.8009950248756219,1
608,0895-DQHEW,0.5454545454545454,1
1424,2097-YVPKN,0.0027100271002710027,0
5586,7868-BGSZA,0.018957345971563982,0
4061,5726-CVNYA,0.0027100271002710027,0
1653,2402-TAIRZ,0.2222222222222222,0
1681,2452-MRMZF,0.0196078431372549,0
3017,4317-VTEOA,0.5838150289017341,1
6500,9221-OTIVJ,0.5454545454545454,1
6595,9372-TXXPS,0.05660377358490566,0
3956,5569-IDSEY,0.10185185185185185,0
5914,8327-WKMIE,0.018957345971563982,0
672,0980-PVMRC,0.09523809523809523,0
5342,7548-SEPYI,0.8009950248756219,1
2418,3460-TJBWI,0.0027100271002710027,0
6038,8559-CIZFV,0.12408759124087591,0
2042,2937-FTHUR,0.2894736842105263,0
5762,8104-OSKWT,0.6504065040650406,1
3988,5624-BQSSA,0.27586206896551724,0
732,1080-BWSYE,0.0196078431372549,0
5434,7647-GYYKX,0.0027100271002710027,0
1620,2360-RDGRO,0.5454545454545454,1
5453,7672-VFMXZ,0.13934426229508196,0
5031,7074-IEVOJ,0.8009950248756219,1
6615,9399-APLBT,0.8009950248756219,1
663,0970-ETWGE,0.8009950248756219,1
4042,5697-GOMBF,0.13934426229508196,0
5209,7326-RIGQZ,0.8009950248756219,1
592,0870-VEMYL,0.15,0
1105,1614-JBEBI,0.06535947712418301,0
2736,3892-NXAZG,0.047619047619047616,0
579,0851-DFJKB,0.2894736842105263,0
5410,7622-FWGEW,0.0027100271002710027,0
1140,1679-JRFBR,0.10185185185185185,0
2077,2984-TBYKU,0.047619047619047616,0
5807,8174-TBVCF,0.0196078431372549,0
4746,6686-YPGHK,0.4125,0
1955,2832-SCUCO,0.27586206896551724,0
6314,8938-UMKPI,0.5454545454545454,1
2795,3976-NLDEZ,0.27586206896551724,0
4923,6924-TDGMT,0.018957345971563982,0
2512,3589-PPVKW,0.3333333333333333,0
729,1075-BGWOH,0.5454545454545454,1
6916,9819-FBNSV,0.4125,0
5080,7137-NAXML,0.04938271604938271,0
2832,4024-CSNBY,0.047619047619047616,0
2758,3926-YZVVX,0.07017543859649122,0
2784,3961-SXAXY,0.5838150289017341,1
3272,4676-MQUEA,0.10185185185185185,0
4564,6435-SRWBJ,0.9285714285714286,1
853,1237-WIYYZ,0.06535947712418301,0
3859,5433-KYGHE,0.17073170731707318,0
84,0135-NMXAP,0.6504065040650406,1
3482,4931-TRZWN,0.2894736842105263,0
150,0248-PGHBZ,0.047619047619047616,0
2435,3487-EARAT,0.12408759124087591,0
6210,8780-IXSTS,0.8009950248756219,1
3442,4881-GQJTW,0.14285714285714285,0
2273,3249-ZPQRG,0.8009950248756219,1
6155,8718-PTMEZ,0.09523809523809523,0
3259,4659-NZRUF,0.5454545454545454,1
3155,4526-EXKKN,0.0027100271002710027,0
6342,8981-FJGLA,0.6504065040650406,1
4064,5730-DBDSI,0.0027100271002710027,0
6917,9820-RMCQV,0.3333333333333333,0
3536,5016-IBERQ,0.5454545454545454,1
4933,6946-LMSQS,0.15789473684210525,0
5264,7416-CKTEP,0.0027100271002710027,0
1172,1725-MIMXW,0.27586206896551724,0
2880,4106-HADHQ,0.018957345971563982,0
3579,5071-FBJFS,0.42424242424242425,0
5243,7394-FKDNK,0.6504065040650406,1
6051,8573-CGOCC,0.14285714285714285,0
5454,7673-BQGKU,0.0027100271002710027,0
6408,9073-ZZIAY,0.0027100271002710027,0
1040,1506-YJTYT,0.05660377358490566,0
5204,7321-PKUYW,0.40425531914893614,0
1329,1977-STDKI,0.8009950248756219,1
107,0191-EQUUH,0.05660377358490566,0
400,0595-ITUDF,0.5454545454545454,1
6724,9548-LIGTA,0.05660377358490566,0
2011,2900-PHPLN,0.0196078431372549,0
743,1090-ESELR,0.047619047619047616,0
3933,5537-UXXVS,0.06535947712418301,0
2199,3148-BLQJT,0.27586206896551724,0
6336,8972-HJWNV,0.6504065040650406,1
2444,3503-TYDAY,0.5454545454545454,1
1578,2300-RQGOI,0.0027100271002710027,0
2638,3750-YHRYO,0.018957345971563982,0
1348,2004-OCQXK,0.8009950248756219,1
5096,7159-NOKYQ,0.19298245614035087,0
951,1379-FRVEB,0.5454545454545454,1
2071,2982-IHMFT,0.6764705882352942,1
6717,9541-PWTWO,0.0027100271002710027,0
3060,4378-BZYFP,0.018957345971563982,0
4734,6668-CNMFP,0.10714285714285714,0
5949,8388-DMKAE,0.0027100271002710027,0
3303,4709-LKHYG,0.018957345971563982,0
3133,4495-LHSSK,0.2894736842105263,0
6789,9637-CDTKZ,0.047619047619047616,0
5766,8108-UXRQN,0.3333333333333333,0
1031,1492-KGETH,0.12408759124087591,0
2526,3617-XLSGQ,0.0,0
375,0559-CKHUS,0.0027100271002710027,0
1522,2233-FAGXV,0.27586206896551724,0
3817,5366-OBVMR,0.2894736842105263,0
530,0780-XNZFN,0.0027100271002710027,0
2672,3796-ENZGF,0.0,0
1313,1952-DVVSW,0.018957345971563982,0
4191,5919-TMRGD,0.8009950248756219,1
2410,3452-ABWRL,0.4125,0
4629,6522-YRBXD,0.5454545454545454,1
1611,2346-LOCWC,0.0196078431372549,0
2268,3244-CQPHU,0.047619047619047616,0
4797,6741-EGCBI,0.4125,0
2543,3640-JQGJG,0.2894736842105263,0
3509,4973-RLZVI,0.12408759124087591,0
2631,3744-ZBHON,0.27586206896551724,0
3016,4316-XCSLJ,0.2894736842105263,0
1076,1568-BEKZM,0.0196078431372549,0
6494,9208-OLGAQ,0.5454545454545454,1
5420,7633-MVPUY,0.05660377358490566,0
4189,5917-RYRMG,0.018957345971563982,0
3083,4419-UJMUS,0.0,0
1531,2239-CFOUJ,0.018957345971563982,0
1119,1635-HDGFT,0.0027100271002710027,0
1028,1485-YDHMM,0.40425531914893614,0
5552,7817-BOQPW,0.8009950248756219,1
6209,8780-IHCRN,0.0196078431372549,0
6605,9389-ACWBI,0.6764705882352942,1
928,1346-UFHAX,0.4125,0
831,1215-EXRMO,0.0027100271002710027,0
3504,4959-JOSRX,0.375,0
247,0376-OIWME,0.5454545454545454,1
2985,4277-UDIEF,0.13934426229508196,0
1829,2668-TZSPS,0.27586206896551724,0
2740,3898-BSJYF,0.018957345971563982,0
6187,8752-GHJFU,0.4583333333333333,0
2380,3407-QGWLG,0.27586206896551724,0
1102,1602-IJQQE,0.8009950248756219,1
6077,8614-VGMMV,0.2894736842105263,0
31,0048-PIHNL,0.04938271604938271,0
1261,1866-NXPSP,0.12408759124087591,0
6127,8677-HDZEE,0.40425531914893614,0
3584,5076-YVXCM,0.4125,0
5856,8229-TNIQA,0.5838150289017341,1
1777,2599-CIPQE,0.047619047619047616,0
3499,4957-SREEC,0.0196078431372549,0
4637,6543-JXSOO,0.12408759124087591,0
2951,4208-UFFGW,0.5838150289017341,1
3265,4667-QONEA,0.12408759124087591,0
2667,3791-LGQCY,0.4125,0
78,0128-MKWSG,0.13934426229508196,0
5035,7078-NVFAM,0.09523809523809523,0
1635,2378-VTKDH,0.5454545454545454,1
5257,7407-SUJIZ,0.06535947712418301,0
2189,3137-LUPIX,0.27586206896551724,0
5950,8388-FYNPZ,0.3333333333333333,0
4811,6769-DYBQN,0.5454545454545454,1
6904,9800-OUIGR,0.0196078431372549,0
261,0388-EOPEX,0.35,0
4647,6557-BZXLQ,0.5454545454545454,1
4350,6133-OZILE,0.2894736842105263,0
6734,9565-AXSMR,0.0027100271002710027,0
2172,3104-OWCGK,0.2222222222222222,0
6124,8672-OAUPW,0.07017543859649122,0
709,1045-LTCYT,0.14285714285714285,0
1277,1897-RCFUM,0.018957345971563982,0
6691,9505-SQFSW,0.5838150289017341,1
2381,3410-MHHUM,0.2222222222222222,0
4911,6910-HADCM,0.9285714285714286,1
432,0634-SZPQA,0.4125,0
72,0117-LFRMW,0.06535947712418301,0
2457,3520-FJGCV,0.047619047619047616,0
4787,6732-FZUGP,0.10185185185185185,0
5134,7228-PAQPD,0.4,0
241,0369-ZGOVK,0.10714285714285714,0
4392,6195-MELTI,0.12408759124087591,0
5972,8414-MYSHR,0.8009950248756219,1
4248,5989-OMNJE,0.12408759124087591,0
4617,6508-NJYRO,0.018957345971563982,0
6466,9150-KPBJQ,0.0196078431372549,0
4569,6439-LAJXL,0.09523809523809523,0
1303,1934-SJVJK,0.27586206896551724,0
1300,1930-WNXSB,0.5454545454545454,1
4481,6323-AYBRX,0.0027100271002710027,0
5501,7746-AWNQW,0.13934426229508196,0
3611,5125-CNDSP,0.12408759124087591,0
5355,7563-BIUPC,0.8009950248756219,1
6093,8630-QSGXK,0.0,0
6042,8563-IIOXK,0.018957345971563982,0
277,0409-WTMPL,0.10185185185185185,0
1250,1849-RJYIG,0.3333333333333333,0
1392,2057-ZBLPD,0.5454545454545454,1
1998,2884-GBPFB,0.5454545454545454,1
1663,2424-WVHPL,0.8009950248756219,1
3095,4439-JMPMT,0.8009950248756219,1
1972,2856-HYAPG,0.8009950248756219,1
2841,4054-CUMIA,0.06535947712418301,0
964,1397-XKKWR,0.018957345971563982,0
2760,3930-ZGWVE,0.27586206896551724,0
2279,3258-SANFR,0.375,0
4078,5760-FXFVO,0.35,0
6328,8963-JLGJT,0.3333333333333333,0
3930,5533-RJFTJ,0.13934426229508196,0
5409,7621-VPNET,0.2727272727272727,0
5902,8311-UEUAB,0.2222222222222222,0
4242,5982-PSMKW,0.0196078431372549,0
5621,7921-LMDFQ,0.10185185185185185,0
2169,3097-NQYSN,0.6764705882352942,1
2544,3640-PHQXK,0.5454545454545454,1
4630,6527-PZFPV,0.018957345971563982,0
1291,1925-GMVBW,0.15,0
734,1084-UQCHV,0.8947368421052632,1
5210,7328-OWMOM,0.018957345971563982,0
636,0930-EHUZA,0.12408759124087591,0
2452,3511-BFTJW,0.0,0
3857,5424-RLQLC,0.09523809523809523,0
1475,2181-TIDSV,0.0027100271002710027,0
6557,9314-IJWSQ,0.5454545454545454,1
2286,3262-EIDHV,0.0196078431372549,0
691,1023-BQXZE,0.0,0
2333,3339-EAQNV,0.25925925925925924,0
103,0186-CAERR,0.10185185185185185,0
2266,3239-TPHPZ,0.0027100271002710027,0
2307,3307-TLCUD,0.2894736842105263,0
555,0818-OCPZO,0.5454545454545454,1
6054,8580-AECUZ,0.8009950248756219,1
6168,8735-NBLWT,0.06535947712418301,0
3146,4514-GFCFI,0.5454545454545454,1
4815,6772-KSATR,0.35,0
1697,2474-LCNUE,0.13934426229508196,0
5583,7860-KSUGX,0.0,0
1887,2739-CACDQ,0.4125,0
6169,8735-SDUFN,0.0027100271002710027,0
6128,8679-JOEVF,0.2894736842105263,0
1967,2845-KDHVX,0.0027100271002710027,0
4626,6519-ZHPXP,0.047619047619047616,0
3084,4422-QVIJA,0.13934426229508196,0
4441,6259-WJQLC,0.4125,0
1165,1710-RCXUS,0.25925925925925924,0
3865,5442-BXVND,0.06535947712418301,0
6849,9732-EQMWY,0.5454545454545454,1
710,1047-NNCBF,0.4125,0
2384,3413-BMNZE,0.5838150289017341,1
6121,8670-ERCJH,0.047619047619047616,0
373,0556-FJEGU,0.0027100271002710027,0
5486,7721-JXEAW,0.09523809523809523,0
1548,2259-OUUSZ,0.07017543859649122,0
783,1139-WUOAH,0.0196078431372549,0
5977,8429-XIBUM,0.4125,0
5090,7153-CHRBV,0.018957345971563982,0
5318,7511-YMXVQ,0.3333333333333333,0
2798,3981-QSVQI,0.06535947712418301,0
3425,4853-RULSV,0.12,0
3487,4939-KYYPY,0.13934426229508196,0
2085,2990-IAJSV,0.0027100271002710027,0
2188,3134-DSHVC,0.0,0
7032,9975-GPKZU,0.0196078431372549,0
6447,9128-CPXKI,0.19298245614035087,0
4134,5846-ABOBJ,0.0027100271002710027,0
2009,2898-LSJGD,0.018957345971563982,0
3059,4377-VDHYI,0.15789473684210525,0
4319,6092-QZVPP,0.13934426229508196,0
1984,2868-MZAGQ,0.8009950248756219,1
6761,9600-UDOPK,0.4125,0
1738,2530-ENDWQ,0.0,0
2065,2971-SGAFL,0.2894736842105263,0
3556,5039-LZRQT,0.018957345971563982,0
6371,9027-YFHQJ,0.06535947712418301,0
5028,7067-KSAZT,0.2222222222222222,0
3098,4443-EMBNA,0.0027100271002710027,0
5224,7353-YOWFP,0.018957345971563982,0
2561,3662-FXJFO,0.0027100271002710027,0
6403,9067-YGSCA,0.018957345971563982,0
6003,8468-FZTOE,0.0027100271002710027,0
6284,8887-IPQNC,0.3333333333333333,0
6694,9507-HSMMZ,0.0027100271002710027,0
6955,9866-QEVEE,0.4125,0
2413,3452-SRFEG,0.4125,0
4771,6715-OFDBP,0.5838150289017341,1
2350,3370-GQEAL,0.5454545454545454,1
181,0295-QVKPB,0.15,0
5089,7148-XZPHA,0.40425531914893614,0
6475,9170-ARBTB,0.018957345971563982,0
4129,5840-NVDCG,0.05660377358490566,0
372,0550-DCXLH,0.09523809523809523,0
4034,5688-KZTSN,0.06535947712418301,0
119,0207-MDKNV,0.17073170731707318,0
4306,6072-NUQCB,0.04938271604938271,0
41,0068-FIGTF,0.12408759124087591,0
2076,2984-RGEYA,0.0027100271002710027,0
544,0804-XBFBV,0.3333333333333333,0
6652,9465-RWMXL,0.5454545454545454,1
756,1099-BTKWT,0.018957345971563982,0
4004,5649-RXQTV,0.5454545454545454,1
4616,6507-ZJSUR,0.5454545454545454,1
2894,4123-DVHPH,0.6504065040650406,1
4760,6701-DHKWQ,0.0196078431372549,0
6227,8807-ARQET,0.09523809523809523,0
3079,4412-YLTKF,0.5454545454545454,1
3722,5233-GEEAX,0.3333333333333333,0
1152,1697-LYYYX,0.018957345971563982,0
786,1142-WACZW,0.27586206896551724,0
5845,8220-OCUFY,0.018957345971563982,0
5687,8015-IHCGW,0.047619047619047616,0
3353,4782-OSFXZ,0.0027100271002710027,0
1204,1769-GRUIK,0.5454545454545454,1
6922,9822-WMWVG,0.17073170731707318,0
6351,8992-JQYUN,0.5838150289017341,1
5467,7693-QPEFS,0.4125,0
1569,2277-VWCNI,0.5838150289017341,1
3014,4312-KFRXN,0.0027100271002710027,0
5412,7623-HKYRK,0.27586206896551724,0
676,0991-BRRFB,0.2894736842105263,0
2746,3908-BLSYF,0.9285714285714286,1
648,0947-IDHRQ,0.6504065040650406,1
4671,6586-PSJOX,0.4,0
3435,4872-JCVCA,0.0027100271002710027,0
131,0224-HJAPT,0.5838150289017341,1
2777,3951-NJCVI,0.5454545454545454,1
4641,6549-NNDYT,0.2894736842105263,0
3450,4891-NLUBA,0.0027100271002710027,0
615,0899-WZRSD,0.17073170731707318,0
4873,6865-JZNKO,0.09523809523809523,0
1328,1976-CFOCS,0.5838150289017341,1
4155,5876-HZVZM,0.42424242424242425,0
2422,3466-WAESX,0.09523809523809523,0
685,1015-JPFYW,0.018957345971563982,0
6100,8639-NHQEI,0.0,0
2031,2927-QRRQV,0.2222222222222222,0
1807,2637-FKFSY,0.5838150289017341,1
7005,9938-ZREHM,0.12408759124087591,0
1983,2868-LLSKM,0.25925925925925924,0
545,0804-YGEQV,0.04938271604938271,0
1079,1571-SAVHK,0.40425531914893614,0
22,0027-KWYKW,0.5454545454545454,1
3634,5146-CBVOE,0.4125,0
4723,6651-RLGGM,0.0027100271002710027,0
3114,4465-VDKIQ,0.5454545454545454,1
4493,6339-YPSAH,0.6504065040650406,1
589,0867-MKZVY,0.5454545454545454,1
6918,9821-BESNZ,0.15789473684210525,0
4560,6427-FEFIG,0.0,0
3121,4476-OSWTN,0.10185185185185185,0
3613,5127-BZENZ,0.04938271604938271,0
7029,9972-NKTFD,0.09523809523809523,0
6260,8859-DZTGQ,0.0027100271002710027,0
2888,4115-UMJFQ,0.12408759124087591,0
4329,6108-OQZDQ,0.8009950248756219,1
2217,3173-WSSUE,0.0196078431372549,0
7036,9985-MWVIX,0.6764705882352942,1
4639,6546-OPBBH,0.018957345971563982,0
1067,1555-HAPSU,0.0196078431372549,0
1724,2514-GINMM,0.8009950248756219,1
3101,4446-BZKHU,0.5454545454545454,1
3852,5419-CONWX,0.6764705882352942,1
6769,9611-CTWIH,0.8009950248756219,1
1493,2202-CUYXZ,0.9285714285714286,1
3698,5204-QZXPU,0.13934426229508196,0
2607,3717-OFRTN,0.27586206896551724,0
5629,7929-SKFGK,0.047619047619047616,0
3343,4763-PGDPO,0.8009950248756219,1
4365,6158-HDPXZ,0.5838150289017341,1
5931,8356-WUAOJ,0.5838150289017341,1
4162,5884-GCYMI,0.6764705882352942,1
6461,9142-KZXOP,0.4125,0
687,1016-DJTSV,0.6504065040650406,1
6914,9817-APLHW,0.06535947712418301,0
6485,9185-TQCVP,0.5454545454545454,1
2633,3745-HRPHI,0.0027100271002710027,0
2697,3836-FZSDJ,0.0027100271002710027,0
2539,3638-DIMPH,0.4,0
5593,7876-AEHIG,0.04938271604938271,0
635,0929-PECLO,0.4125,0
7011,9945-PSVIP,0.0027100271002710027,0
5399,7609-NRNCA,0.018957345971563982,0
4409,6215-NQCPY,0.5454545454545454,1
1200,1767-CJKBA,0.0027100271002710027,0
1781,2604-XVDAM,0.1,0
3792,5334-AFQJB,0.0196078431372549,0
6013,8495-PRWFH,0.13934426229508196,0
192,0308-GIQJT,0.25925925925925924,0
3802,5348-CAGXB,0.6504065040650406,1
3664,5174-ITUMV,0.2222222222222222,0
961,1395-OFUWC,0.14285714285714285,0
3097,4441-NIHPT,0.5454545454545454,1
4996,7021-XSNYE,0.0196078431372549,0
2292,3276-HDUEG,0.6764705882352942,1
4823,6784-XYJAE,0.07017543859649122,0
770,1121-QSIVB,0.12408759124087591,0
644,0943-ZQPXH,0.4125,0
5799,8165-ZJRNM,0.0027100271002710027,0
3061,4378-MYPGO,0.0,0
601,0880-FVFWF,0.5454545454545454,1
836,1217-VASWC,0.10185185185185185,0
4083,5766-XQXMQ,0.06535947712418301,0
528,0774-RMNUW,0.05660377358490566,0
3920,5519-NPHVG,0.6504065040650406,1
2257,3224-DFQNQ,0.15789473684210525,0
1189,1752-OZXFY,0.018957345971563982,0
2569,3672-YITQD,0.5454545454545454,1
5564,7839-NUIAA,0.09523809523809523,0
5619,7919-ZODZZ,0.0,0
3409,4830-FAXFM,0.14285714285714285,0
1507,2211-RMNHO,0.0027100271002710027,0
2346,3359-DSRKA,0.0027100271002710027,0
3237,4634-JLRJT,0.27586206896551724,0
4983,7009-PCARS,0.04938271604938271,0
3445,4883-QICIH,0.4125,0
6818,9681-OXGVC,0.9285714285714286,1
620,0909-SDHNU,0.3333333333333333,0
1933,2809-ILCYT,0.018957345971563982,0
4985,7010-ZMVBF,0.06535947712418301,0
6653,9467-ROOLM,0.06535947712418301,0
6899,9796-MVYXX,0.0027100271002710027,0
40,0067-DKWBL,0.42424242424242425,0
6427,9101-NTIXF,0.27586206896551724,0
3044,4360-PNRQB,0.4125,0
4623,6518-LGAOV,0.40425531914893614,0
4332,6114-TCFID,0.12408759124087591,0
6604,9388-ZEYVT,0.07017543859649122,0
2820,4011-ARPHK,0.13934426229508196,0
3629,5141-ZUVBH,1.0,1
2585,3696-DFHHB,0.0027100271002710027,0
6964,9881-VCZEP,0.09523809523809523,0
2567,3669-WHAFY,0.047619047619047616,0
2808,3996-ZNWYK,0.0196078431372549,0
3313,4718-DHSMV,0.3333333333333333,0
973,1406-PUQVY,0.5838150289017341,1
4110,5813-UECBU,0.4125,0
5312,7503-ZGUZJ,0.6764705882352942,1
6364,9018-PCIOK,0.047619047619047616,0
3372,4806-DXQCE,0.047619047619047616,0
1528,2235-ZGKPT,0.5838150289017341,1
1223,1813-JLKWR,0.04938271604938271,0
626,0921-OHLVP,0.5454545454545454,1
6238,8819-WFGGJ,0.0,0
1675,2446-BEGGB,0.8009950248756219,1
2671,3795-GWTRD,0.0196078431372549,0
4420,6231-WFGFH,0.27586206896551724,0
5379,7594-RQHXR,0.8009950248756219,1
5638,7950-XWOVN,0.06535947712418301,0
5297,7480-SPLEF,0.0027100271002710027,0
4904,6905-NIQIN,0.5838150289017341,1
2129,3058-WQDRE,0.2894736842105263,0
3773,5311-IHLEI,0.09523809523809523,0
4776,6723-WSNTY,0.10185185185185185,0
5158,7251-XFOIL,0.4125,0
2295,3280-MRDOF,0.0196078431372549,0
5152,7246-ZGQDF,0.27586206896551724,0
4664,6582-PLFUU,0.0196078431372549,0
126,0219-YTZUE,0.8947368421052632,1
1948,2826-DXLQO,0.1,0
610,0895-LNKRC,0.018957345971563982,0
262,0390-DCFDQ,0.6764705882352942,1
939,1357-MVDOZ,0.1,0
6390,9054-FOWNV,0.5454545454545454,1
547,0810-BDHAW,0.12408759124087591,0
2288,3269-ATYWD,0.4125,0
4733,6664-FPDAC,0.4583333333333333,0
1340,1996-DBMUS,0.4125,0
5835,8207-VVMYB,0.0027100271002710027,0
5898,8295-KMENE,0.0027100271002710027,0
1009,1455-UGQVH,0.6504065040650406,1
5495,7734-DBOAI,0.27586206896551724,0
5491,7729-XBTWX,0.0027100271002710027,0
5481,7716-YTYHG,0.10714285714285714,0
163,0265-EDXBD,0.5454545454545454,1
3515,4983-CLMLV,0.2727272727272727,0
823,1205-WNWPJ,0.3333333333333333,0
4265,6005-OBZPH,0.5454545454545454,1
5580,7855-DIWPO,0.5454545454545454,1
1474,2180-DXNEG,0.6504065040650406,1
5627,7928-VJYAB,0.6504065040650406,1
1114,1626-ERCMM,0.5454545454545454,1
1852,2688-BHGOG,0.6504065040650406,1
755,1098-TDVUQ,0.27586206896551724,0
5,0013-MHZWF,0.3333333333333333,0
5689,8016-ZMGMO,0.12408759124087591,0
5767,8109-YUOHE,0.0,0
2371,3398-FSHON,0.6504065040650406,1
1086,1580-BMCMR,0.5454545454545454,1
4130,5842-POCOP,0.35,0
2246,3209-ZPKFI,0.09523809523809523,0
5021,7055-JCGNI,0.047619047619047616,0
2929,4183-WCSEP,0.40425531914893614,0
5679,8003-EWNDZ,0.06535947712418301,0
6830,9701-CDXHR,0.4125,0
1664,2428-HYUNX,0.0196078431372549,0
2241,3199-XGZCY,0.6504065040650406,1
4005,5649-TJHOV,0.13934426229508196,0
5712,8046-DNVTL,0.05660377358490566,0
4757,6695-FRVEC,0.0027100271002710027,0
2782,3957-LXOLK,0.5454545454545454,1
3322,4730-AWNAU,0.018957345971563982,0
4972,6994-FGRHH,0.4583333333333333,0
4507,6352-TWCAU,0.5454545454545454,1
6113,8654-DHAOW,0.5838150289017341,1
3835,5386-THSLQ,0.12408759124087591,0
5623,7924-GJZFI,0.5454545454545454,1
1011,1459-QNFQT,0.0027100271002710027,0
43,0074-HDKDG,0.12408759124087591,0
3361,4795-UXVCJ,0.018957345971563982,0
5603,7890-VYYWG,0.5838150289017341,1
3744,5275-PMFUT,0.0196078431372549,0
2203,3158-MOERK,0.8009950248756219,1
178,0289-IVARM,0.06535947712418301,0
3707,5215-LNLDJ,0.3333333333333333,0
6585,9361-YNQWJ,0.04938271604938271,0
5858,8232-CTLKO,0.2222222222222222,0
6862,9747-DDZOS,0.8947368421052632,1
1042,1513-XNPPH,0.40425531914893614,0
1558,2272-JKMSI,0.4583333333333333,0
4252,5995-LFTLE,0.0196078431372549,0
5895,8292-TYSPY,0.13934426229508196,0
457,0670-KDOMA,0.27586206896551724,0
4737,6674-KVJHG,0.018957345971563982,0
1895,2753-JMMCV,0.0196078431372549,0
1969,2851-MMUTZ,0.09523809523809523,0
3289,4697-LUPSU,0.018957345971563982,0
5443,7663-RGWBC,0.5838150289017341,1
4765,6705-LXORM,0.8009950248756219,1
6864,9752-ZNQUT,0.5838150289017341,1
600,0877-SDMBN,0.10185185185185185,0
3946,5555-RNPGT,0.14285714285714285,0
3230,4628-CTTLA,0.09523809523809523,0
349,0516-QREYC,0.06535947712418301,0
3690,5198-HQAEN,0.15789473684210525,0
